佐藤,1887000,さとう,satou
鈴木,1806000,すずき,suzuki
高橋,1421000,たかはし,takahashi
田中,1343000,たなか,tanaka
伊藤,1081000,いとう,itou
渡辺,1070000,わたなべ,watanabe
山本,1057000,やまもと,yamamoto
中村,1051000,なかむら,nakamura
小林,1034000,こばやし,kobayashi
加藤,892000,かとう,katou
吉田,835000,よしだ,yoshida
山田,819000,やまだ,yamada
佐々木,679000,ささき,sasaki
山口,647000,やまぐち,yamaguchi
松本,631000,まつもと,matsumoto
井上,617000,いのうえ,inoue
木村,579000,きむら,kimura
林,548000,はやし,hayashi
斎藤,546000,さいとう,saitou
清水,535000,しみず,shimizu
山崎,485000,やまざき,yamazaki
森,468000,もり,mori
池田,453000,いけだ,ikeda
橋本,450000,はしもと,hashimoto
阿部,447000,あべ,abe
石川,429000,いしかわ,ishikawa
山下,421000,やました,yamashita
中島,403000,なかじま,nakajima
石井,398000,いしい,ishii
小川,398000,おがわ,ogawa
前田,384000,まえだ,maeda
岡田,381000,おかだ,okada
長谷川,379000,はせがわ,hasegawa
藤田,377000,ふじた,fujita
後藤,374000,ごとう,gotou
近藤,371000,こんどう,kondou
村上,357000,むらかみ,murakami
遠藤,335000,えんどう,endou
青木,330000,あおき,aoki
坂本,328000,さかもと,sakamoto
斉藤,325000,さいとう,saitou
福田,314000,ふくだ,fukuda
太田,312000,おおた,oota
西村,310000,にしむら,nishimura
藤井,310000,ふじい,fujii
岡本,298000,おかもと,okamoto
藤原,298000,ふじわら,fujiwara
金子,297000,きんす,kinsu
三浦,297000,みうら,miura
中野,296000,なかの,nakano
中川,292000,なかがわ,nakagawa
原田,292000,はらだ,harada
松田,290000,まつだ,matsuda
竹内,287000,たけうち,takeuchi
小野,282000,おの,ono
田村,281000,たむら,tamura
中山,270000,なかやま,nakayama
和田,268000,わだ,wada
石田,267000,いしだ,ishida
森田,261000,もりた,morita
上田,249000,うえだ,ueda
原,247000,はら,hara
内田,245000,うちだ,uchida
柴田,244000,しばた,shibata
酒井,241000,さかい,sakai
宮崎,239000,みやざき,miyazaki
横山,238000,よこやま,yokoyama
高木,234000,たかぎ,takagi
安藤,232000,あんどう,andou
宮本,230000,みやもと,miyamoto
大野,222000,おおの,oono
小島,217000,こじま,kojima
工藤,216000,くどう,kudou
谷口,216000,たにぐち,taniguchi
今井,214000,いまい,imai
高田,211000,たかだ,takada
増田,209000,ますだ,masuda
丸山,209000,まるやま,maruyama
杉山,208000,すぎやま,sugiyama
村田,207000,むらた,murata
大塚,206000,おおつか,ootsuka
新井,204000,あらい,arai
藤本,204000,とうほん,touhon
小山,204000,こやま,koyama
平野,204000,へいや,heiya
河野,201000,こうの,kouno
上野,201000,うえの,ueno
武田,200000,たけだ,takeda
野口,199000,のぐち,noguchi
松井,195000,まつい,matsui
千葉,194000,ちば,chiba
菅原,193000,すがわら,sugawara
岩崎,192000,いわさき,iwasaki
久保,188000,くぼ,kubo
木下,188000,きのした,kinoshita
佐野,186000,さの,sano
野村,186000,のむら,nomura
松尾,184000,まつお,matsuo
菊地,183000,きくち,kikuchi
杉本,182000,すぎもと,sugimoto
市川,182000,いちかわ,ichikawa
古川,178000,ふるかわ,furukawa
大西,177000,おおにし,oonishi
島田,176000,しまだ,shimada
水野,175000,みずの,mizuno
桜井,174000,さくらい,sakurai
渡部,173000,わたべ,watabe
高野,173000,こうや,kouya
吉川,171000,よしかわ,yoshikawa
山内,165000,やまうち,yamauchi
西田,163000,にしだ,nishida
菊池,162000,きくち,kikuchi
飯田,162000,いいだ,iida
小松,161000,こまつ,komatsu
西川,161000,にしかわ,nishikawa
北村,159000,きたむら,kitamura
安田,158000,やすだ,yasuda
五十嵐,157000,いがらし,igarashi
川口,156000,かわぐち,kawaguchi
平田,155000,ひらた,hirata
関,154000,せき,seki
中田,154000,なかだ,nakada
久保田,153000,くぼた,kubota
東,152000,ひがし,higashi
服部,151000,はっとり,hattori
岩田,150000,いわた,iwata
川崎,150000,かわさき,kawasaki
土屋,150000,つちや,tsuchiya
福島,149000,ふくしま,fukushima
本田,149000,ほんだ,honda
樋口,148000,ひぐち,higuchi
辻,148000,つじ,tsuji
秋山,147000,あきやま,akiyama
田口,147000,たぐち,taguchi
永井,147000,ながい,nagai
山中,146000,さんちゅう,sanchuu
中西,146000,なかにし,nakanishi
吉村,145000,よしむら,yoshimura
川上,144000,かわかみ,kawakami
松岡,142000,まつおか,matsuoka
浜田,142000,はまだ,hamada
大橋,142000,おおはし,oohashi
石原,142000,いしはら,ishihara
馬場,141000,ばば,baba
森本,140000,もりもと,morimoto
矢野,139000,やの,yano
松下,138000,まつした,matsushita
浅野,138000,あさの,asano
星野,138000,ほしの,hoshino
吉岡,137000,よしおか,yoshioka
大久保,137000,おおくぼ,ookubo
小池,137000,こいけ,koike
野田,135000,のだ,noda
荒木,132000,あらき,araki
松浦,132000,まつうら,matsuura
熊谷,132000,くまがい,kumagai
大谷,132000,おおたに,ootani
内藤,131000,ないとう,naitou
黒田,128000,くろだ,kuroda
尾崎,127000,おざき,ozaki
望月,126000,もちづき,mochiduki
川村,126000,かわむら,kawamura
永田,126000,ながた,nagata
松村,125000,まつむら,matsumura
堀,125000,ほり,hori
田辺,125000,たなべ,tanabe
菅野,124000,すがの,sugano
荒井,124000,あらい,arai
大島,124000,おおしま,ooshima
平井,124000,ひらい,hirai
西山,124000,にしやま,nishiyama
早川,124000,はやかわ,hayakawa
栗原,123000,くりはら,kurihara
広瀬,122000,ひろせ,hirose
横田,119000,よこた,yokota
石橋,118000,いしばし,ishibashi
岩本,118000,いわもと,iwamoto
萩原,117000,はぎわら,hagiwara
片山,117000,かたやま,katayama
関口,115000,せきぐち,sekiguchi
宮田,115000,みやた,miyata
大石,114000,おおいし,ooishi
本間,113000,ほんま,honma
高山,113000,こうざん,kouzan
須藤,112000,すどう,sudou
吉野,112000,よしの,yoshino
岡崎,112000,おかざき,okazaki
小田,112000,おだ,oda
鎌田,111000,かまた,kamata
伊東,111000,いとう,itou
上原,109000,うえはら,uehara
篠原,109000,しのはら,shinohara
小西,108000,こにし,konishi
松原,108000,まつばら,matsubara
福井,108000,ふくい,fukui
古賀,107000,こが,koga
大森,107000,おおもり,oomori
成田,107000,なりた,narita
小泉,106000,こいずみ,koizumi
南,106000,みなみ,minami
奥村,106000,おくむら,okumura
内山,105000,うちやま,uchiyama
三宅,105000,みやけ,miyake
桑原,105000,くわばら,kuwabara
沢田,105000,さわだ,sawada
岡,104000,おか,oka
川島,104000,かわしま,kawashima
片岡,104000,かたおか,kataoka
富田,104000,とみた,tomita
奥田,103000,おくだ,okuda
八木,103000,やぎ,yagi
杉浦,103000,すぎうら,sugiura
松永,102000,まつなが,matsunaga
北川,102000,きたがわ,kitagawa
小沢,102000,おざわ,ozawa
関根,101000,せきね,sekine
平山,101000,ひらやま,hirayama
牧野,101000,ぼくや,bokuya
河合,101000,かわい,kawai
白石,100000,しろいし,shiroishi
今村,98700,いまむら,imamura
寺田,98500,てらだ,terada
青山,98100,あおやま,aoyama
中尾,97100,なかお,nakao
小倉,96500,おぐら,ogura
渋谷,96200,しぶや,shibuya
上村,96200,うえむら,uemura
小野寺,96100,おのでら,onodera
大山,95400,おおやま,ooyama
岡村,95100,おかむら,okamura
坂口,95000,さかぐち,sakaguchi
足立,95000,あだち,adachi
多田,94100,ただ,tada
天野,94100,あまの,amano
根本,92900,こんぽん,konpon
佐久間,92800,さくま,sakuma
豊田,92200,とよだ,toyoda
村山,91700,むらやま,murayama
角田,91600,つのだ,tsunoda
飯塚,91600,いいづか,iiduka
田島,91500,たじま,tajima
西,91200,にし,nishi
武藤,90900,むとう,mutou
竹田,90700,たけだ,takeda
宮下,90400,みやした,miyashita
白井,90400,しらい,shirai
塚本,89900,つかもと,tsukamoto
児玉,89700,こだま,kodama
坂田,89600,さかた,sakata
坂井,89200,さかい,sakai
榎本,89200,えのもと,enomoto
水谷,89200,みずたに,mizutani
神谷,88900,かみや,kamiya
齋藤,87100,さいとう,saitou
小原,87100,おはら,ohara
小笠原,86800,おがさわら,ogasawara
岡部,86400,おかべ,okabe
森下,86400,もりした,morishita
浅井,86400,あさい,asai
神田,86100,かんだ,kanda
植田,86000,うえだ,ueda
中井,86000,なかい,nakai
河村,85200,かわむら,kawamura
前川,84600,まえかわ,maekawa
宮川,84600,みやがわ,miyagawa
稲垣,84300,いながき,inagaki
大川,83900,おおかわ,ookawa
松崎,82400,まつざき,matsuzaki
長田,82400,おさだ,osada
若林,82100,わかばやし,wakabayashi
飯島,81600,いいじま,iijima
谷,81300,たに,tani
安部,80600,あべ,abe
大沢,80600,おおさわ,oosawa
石塚,80400,いしつか,ishitsuka
及川,79800,おいかわ,oikawa
堀内,79700,ほりうち,horiuchi
田代,78900,たしろ,tashiro
中嶋,78700,なかじま,nakajima
山根,78600,やまね,yamane
江口,78500,えぐち,eguchi
中谷,78200,なかや,nakaya
岸本,77500,きしもと,kishimoto
荒川,77200,あらかわ,arakawa
西尾,77100,にしお,nishio
本多,77100,ほんだ,honda
森山,76700,もりやま,moriyama
今野,76400,こんの,konno
細川,76400,ほそかわ,hosokawa
岡野,76100,おかの,okano
金井,75800,かない,kanai
安達,75400,あだち,adachi
戸田,75400,とだ,toda
稲葉,75300,いなば,inaba
津田,75100,つだ,tsuda
森川,75000,もりかわ,morikawa
土井,74800,どい,doi
星,74600,ほし,hoshi
落合,74500,おちあい,ochiai
村松,74500,むらまつ,muramatsu
畠山,74200,はたけやま,hatakeyama
三上,73900,みかみ,mikami
町田,73500,まちだ,machida
長尾,72600,ながお,nagao
岩井,72500,いわい,iwai
中原,72300,なかはら,nakahara
堤,72100,つつみ,tsutsumi
野崎,70800,のざき,nozaki
中沢,70300,なかざわ,nakazawa
米田,70100,よねだ,yoneda
金田,70100,かねだ,kaneda
松山,69700,まつやま,matsuyama
堀田,69300,ほった,hotta
三好,69100,みよし,miyoshi
杉田,69000,すぎた,sugita
西野,68800,にしの,nishino
佐伯,68600,さえき,saeki
山岸,68400,やまぎし,yamagishi
西岡,67500,にしおか,nishioka
黒川,67200,くろかわ,kurokawa
泉,66700,いずみ,izumi
甲斐,66600,かい,kai
大竹,66300,おおたけ,ootake
笠原,65500,かさはら,kasahara
黒木,65400,くろき,kuroki
徳永,65200,とくなが,tokunaga
堀江,65200,ほりえ,horie
大木,65100,たいぼく,taiboku
川田,65000,かわた,kawata
岸,64900,きし,kishi
須田,64900,すだ,suda
山川,64800,やまかわ,yamakawa
古田,64500,ふるた,furuta
新田,64300,しんでん,shinden
梅田,64100,うめだ,umeda
三木,64000,みき,miki
野中,63800,のなか,nonaka
榊原,63700,さかきばら,sakakibara
村井,62900,むらい,murai
奥山,62700,おくやま,okuyama
土田,62500,つちだ,tsuchida
大城,61800,おおしろ,ooshiro
滝沢,61800,たきざわ,takizawa
大村,61600,おおむら,oomura
金城,61200,きんじょう,kinjou
川端,61100,かわばた,kawabata
井口,60400,いぐち,iguchi
梶原,60300,かじわら,kajiwara
大場,59800,おおば,ooba
宮城,58300,みやぎ,miyagi
吉原,58300,よしわら,yoshiwara
金沢,58200,かなざわ,kanazawa
長島,58000,ながしま,nagashima
宮内,57900,みやうち,miyauchi
安井,57700,やすい,yasui
庄司,57400,しょうじ,shouji
大内,57300,おおうち,oouchi
比嘉,57200,ひが,higa
茂木,56700,もぎ,mogi
日高,56700,ひだか,hidaka
向井,56600,むかい,mukai
松島,56400,まつしま,matsushima
下田,56300,しもだ,shimoda
西本,56300,にしもと,nishimoto
荻野,56300,おぎの,ogino
塚田,56100,つかだ,tsukada
奥野,56000,おくの,okuno
竹中,56000,たけなか,takenaka
石黒,56000,いしぐろ,ishiguro
広田,55700,ひろた,hirota
藤川,55600,ふじかわ,fujikawa
嶋田,55500,しまた,shimata
福本,55500,ふくもと,fukumoto
栗田,55400,くりた,kurita
北野,55200,きたの,kitano
川原,55100,かわら,kawara
宇野,54900,うの,uno
谷川,54800,たにがわ,tanigawa
小谷,54700,こたに,kotani
藤野,54700,ふじの,fujino
吉本,54500,よしもと,yoshimoto
丹羽,54500,にわ,niwa
藤岡,54300,ふじおか,fujioka
竹下,54200,たけした,takeshita
竹本,54200,たけもと,takemoto
青柳,54000,あおやぎ,aoyagi
緒方,53900,おがた,ogata
古谷,53800,ふるや,furuya
藤村,53700,ふじむら,fujimura
平川,53400,ひらかわ,hirakawa
亀井,53400,かめい,kamei
高島,53300,たかしま,takashima
三輪,53200,さんりん,sanrin
藤沢,53000,ふじさわ,fujisawa
窪田,52500,くぼた,kubota
篠崎,52300,しのざき,shinozaki
宮原,52200,みやはら,miyahara
高井,51800,たかい,takai
下村,51600,しもむら,shimomura
高瀬,51400,たかせ,takase
山村,51300,さんそん,sanson
根岸,51200,ねぎし,negishi
川本,51200,かわもと,kawamoto
柳沢,51000,やなぎさわ,yanagisawa
出口,50800,でぐち,deguchi
横井,50700,よこい,yokoi
小森,50500,こもり,komori
吉沢,50400,よしざわ,yoshizawa
小澤,50400,おざわ,ozawa
武井,50300,たけい,takei
長野,50100,ながの,nagano
竹村,50100,たけむら,takemura
宮沢,49400,みやざわ,miyazawa
平松,49100,ひらまつ,hiramatsu
福岡,48900,ふくおか,fukuoka
黒沢,48800,くろさわ,kurosawa
志村,48700,しむら,shimura
溝口,48700,みぞぐち,mizoguchi
臼井,48700,うすい,usui
田原,48600,たわら,tawara
稲田,48500,いなだ,inada
浅田,47900,あさだ,asada
筒井,47800,つつい,tsutsui
柳田,47700,やなぎだ,yanagida
大原,47600,おおはら,oohara
永野,47500,ながの,nagano
林田,47500,はやしだ,hayashida
大平,47500,おおひら,oohira
冨田,47300,とみた,tomita
福永,47100,ふくなが,fukunaga
瀬戸,47100,せと,seto
入江,47000,いりえ,irie
手塚,47000,てづか,teduka
北原,46900,きたはら,kitahara
篠田,46800,しのだ,shinoda
富永,46700,とみなが,tominaga
湯浅,46500,ゆあさ,yuasa
鶴田,46500,つるた,tsuruta
小出,46300,こいで,koide
沼田,46200,ぬまた,numata
長岡,46200,ながおか,nagaoka
矢島,46100,やじま,yajima
高松,46100,たかまつ,takamatsu
山岡,45900,やまおか,yamaoka
堀口,45800,ほりぐち,horiguchi
大田,45700,おおた,oota
岩瀬,45500,いわせ,iwase
大槻,45200,おおつき,ootsuki
石山,45200,いしやま,ishiyama
石崎,45200,いしざき,ishizaki
澤田,45100,さわだ,sawada
池上,44600,いけがみ,ikegami
相馬,44600,そうま,souma
堀川,44600,ほりかわ,horikawa
二宮,44500,にのみや,ninomiya
園田,44400,そのだ,sonoda
平岡,44200,ひらおか,hiraoka
柏木,44100,かしわぎ,kashiwagi
花田,44000,はなだ,hanada
島崎,43800,しまざき,shimazaki
杉原,43700,すぎはら,sugihara
川野,43600,かわの,kawano
加納,43500,かのう,kanou
村瀬,43300,むらせ,murase
長沢,43200,ながさわ,nagasawa
片桐,43200,かたぎり,katagiri
内海,43100,うちうみ,uchiumi
越智,43100,おち,ochi
倉田,43100,くらた,kurata
野沢,42900,のざわ,nozawa
福原,42800,ふくはら,fukuhara
河原,42800,かわら,kawara
西原,42700,にしはら,nishihara
松野,42700,まつの,matsuno
笠井,42600,かさい,kasai
秋元,42500,あきもと,akimoto
小坂,42000,こさか,kosaka
田畑,42000,たはた,tahata
谷本,41800,たにもと,tanimoto
千田,41700,せんだ,senda
日野,41700,ひの,hino
渡邊,41500,わたなべ,watanabe
吉井,41400,よしい,yoshii
北島,41400,きたじま,kitajima
深沢,41300,ふかざわ,fukazawa
西沢,41100,にしざわ,nishizawa
相沢,41000,あいざわ,aizawa
徳田,41000,とくだ,tokuda
原口,40600,はらぐち,haraguchi
新谷,40600,しんたに,shintani
田上,40500,たがみ,tagami
小柳,40500,こやなぎ,koyanagi
菅,40400,すげ,suge
米山,40300,よねやま,yoneyama
細谷,40200,ほそや,hosoya
森岡,40100,もりおか,morioka
今泉,40100,いまいずみ,imaizumi
浜野,39900,はまの,hamano
畑中,39900,はたなか,hatanaka
芳賀,39600,はが,haga
小嶋,39500,こじま,kojima
磯部,39400,いそべ,isobe
大井,39400,おおい,ooi
秋田,39400,あきた,akita
大崎,39000,おおさき,oosaki
植木,38900,うえき,ueki
白川,38900,しらかわ,shirakawa
坪井,38900,つぼい,tsuboi
中本,38800,なかもと,nakamoto
皆川,38700,みながわ,minagawa
浅見,38700,せんけん,senken
相原,38700,あいはら,aihara
細田,38700,ほそだ,hosoda
荻原,38700,おぎわら,ogiwara
三谷,38700,みたに,mitani
福山,38500,ふくやま,fukuyama
岸田,38500,きしだ,kishida
浜口,38500,はまぐち,hamaguchi
辻本,38300,つじもと,tsujimoto
大友,38100,おおとも,ootomo
畑,38100,はたけ,hatake
木原,38100,きはら,kihara
川瀬,38100,かわせ,kawase
平林,38000,ひらばやし,hirabayashi
塩田,37800,えんでん,enden
河内,37800,かわち,kawachi
島村,37700,しまむら,shimamura
遠山,37700,えんざん,enzan
古屋,37600,ふるや,furuya
大坪,37500,おおつぼ,ootsubo
神山,37400,かみやま,kamiyama
難波,37400,なんば,nanba
三井,37400,みつい,mitsui
植村,37400,うえむら,uemura
中里,37300,なかざと,nakazato
齊藤,37200,さいとう,saitou
大澤,37100,おおさわ,oosawa
三村,37100,さんそん,sanson
三橋,37100,みつはし,mitsuhashi
岩下,37000,いわした,iwashita
渡邉,36900,わたなべ,watanabe
栗山,36900,くりやま,kuriyama
井手,36800,いで,ide
松川,36800,まつかわ,matsukawa
吉永,36700,よしなが,yoshinaga
早坂,36600,はやさか,hayasaka
川畑,36500,かわはた,kawahata
長井,36500,ながい,nagai
佐竹,36400,さたけ,satake
井出,36300,いで,ide
河田,36100,かわだ,kawada
亀山,36100,かめやま,kameyama
浜崎,36000,はまざき,hamazaki
川合,36000,かわい,kawai
朝倉,36000,あさくら,asakura
橘,35900,たちばな,tachibana
柳,35900,やなぎ,yanagi
草野,35800,くさの,kusano
堀井,35500,ほりい,horii
保坂,35200,ほさか,hosaka
村岡,35100,むらおか,muraoka
尾形,35100,おがた,ogata
志賀,35100,しが,shiga
半田,35000,はんだ,handa
高村,35000,こうむら,koumura
若松,34900,わかまつ,wakamatsu
小宮,34900,こみや,komiya
狩野,34900,かりの,karino
水上,34900,すいじょう,suijou
大津,34700,おおつ,ootsu
高岡,34700,たかおか,takaoka
中根,34700,なかね,nakane
亀田,34600,かめだ,kameda
立石,34600,たていし,tateishi
高柳,34600,たかやなぎ,takayanagi
柴崎,34400,しばざき,shibazaki
市村,34400,いちむら,ichimura
瀬川,34300,せがわ,segawa
三島,34300,さんとう,santou
寺島,34200,てらしま,terashima
奈良,34100,なら,nara
新垣,34000,あらがき,aragaki
武内,34000,たけうち,takeuchi
清野,34000,せいの,seino
真鍋,34000,まなべ,manabe
内野,33900,ないや,naiya
平,33900,ひら,hira
玉井,33900,たまい,tamai
水口,33800,みずぐち,mizuguchi
藤崎,33800,ふじさき,fujisaki
木内,33700,きうち,kiuchi
植松,33700,うえまつ,uematsu
久野,33700,くの,kuno
江藤,33600,えとう,etou
進藤,33600,しんどう,shindou
橋口,33600,はしぐち,hashiguchi
大沼,33600,おおぬま,oonuma
玉城,33500,たまき,tamaki
高見,33500,たかみ,takami
深谷,33500,ふかや,fukaya
寺本,33400,てらもと,teramoto
守屋,33200,もりや,moriya
織田,33200,おだ,oda
宮地,33200,みやじ,miyaji
河本,33000,こうもと,koumoto
藤森,33000,ふじもり,fujimori
菅谷,33000,すがや,sugaya
毛利,32900,もうり,mouri
並木,32800,なみき,namiki
有馬,32700,ありま,arima
大江,32700,だいこう,daikou
宮島,32700,みやじま,miyajima
下山,32600,げざん,gezan
有田,32600,ありだ,arida
那須,32600,なす,nasu
高原,32500,こうげん,kougen
矢部,32400,やべ,yabe
市原,32400,いちはら,ichihara
石渡,32100,いしわた,ishiwata
飯野,32100,いの,ino
鳥居,32100,とりい,torii
北山,32000,きたやま,kitayama
関谷,32000,せきや,sekiya
坂下,31900,さかした,sakashita
板垣,31900,いたがき,itagaki
松沢,31900,まつざわ,matsuzawa
野上,31700,のがみ,nogami
前原,31600,まえはら,maehara
牧,31600,まき,maki
三原,31500,みはら,mihara
坂上,31300,さかがみ,sakagami
川井,31300,かわい,kawai
立花,31200,りっか,rixtsuka
田崎,31100,たざき,tazaki
葛西,31000,かさい,kasai
岩佐,31000,いわさ,iwasa
松木,31000,まつき,matsuki
平尾,31000,ひらお,hirao
外山,30900,とやま,toyama
高尾,30800,たかお,takao
長谷,30700,はせ,hase
成瀬,30700,なるせ,naruse
染谷,30600,そめや,someya
小室,30600,こむろ,komuro
三田,30600,みた,mita
阪本,30500,さかもと,sakamoto
滝本,30500,たきもと,takimoto
長瀬,30400,ながせ,nagase
宇佐美,30300,うさみ,usami
野本,30300,のもと,nomoto
小寺,30200,こでら,kodera
板倉,30200,いたくら,itakura
山城,30100,やましろ,yamashiro
秋葉,30100,あきば,akiba
塚原,30100,つかはら,tsukahara
高崎,30100,たかさき,takasaki
門脇,30000,かどわき,kadowaki
石垣,29900,いしがき,ishigaki
滝口,29900,たきぐち,takiguchi
海野,29800,うみの,umino
井田,29800,いだ,ida
山野,29800,さんや,sanya
長谷部,29800,はせべ,hasebe
大倉,29700,おおくら,ookura
秦,29700,しん,shin
土居,29700,どい,doi
江崎,29600,えざき,ezaki
和泉,29600,いずみ,izumi
仲村,29500,なかむら,nakamura
高梨,29500,たかなし,takanashi
正木,29500,まさき,masaki
今田,29400,いまだ,imada
中澤,29300,なかざわ,nakazawa
椎名,29300,しいな,shiina
相川,29200,あいかわ,aikawa
平塚,29000,ひらつか,hiratsuka
奥,29000,おく,oku
小関,29000,こせき,koseki
宍戸,28900,ししど,shishido
島,28900,しま,shima
都築,28900,つづき,tsuduki
岩永,28800,いわなが,iwanaga
藤木,28800,ふじき,fujiki
西谷,28700,にしたに,nishitani
木田,28700,きだ,kida
細井,28700,ほそい,hosoi
堀越,28600,ほりこし,horikoshi
江川,28600,えがわ,egawa
小杉,28600,こすぎ,kosugi
金谷,28600,かなや,kanaya
石丸,28500,いしまる,ishimaru
金山,28500,きんざん,kinzan
永山,28400,ながやま,nagayama
田川,28400,たがわ,tagawa
諏訪,28400,すわ,suwa
乾,28400,いぬい,inui
森谷,28300,もりや,moriya
金森,28300,かなもり,kanamori
下川,28200,しもかわ,shimokawa
黒岩,28200,くろいわ,kuroiwa
富樫,28100,とがし,togashi
細野,28000,ほその,hosono
小畑,28000,おばた,obata
布施,27900,ふせ,fuse
杉村,27900,すぎむら,sugimura
北田,27800,きただ,kitada
山上,27800,さんじょう,sanjou
大貫,27800,おおぬき,oonuki
大熊,27800,おおくま,ookuma
上山,27800,かみやま,kamiyama
野原,27800,のはら,nohara
梅原,27800,うめはら,umehara
石本,27700,いしもと,ishimoto
豊島,27700,としま,toshima
米沢,27700,よねざわ,yonezawa
小野田,27700,おのだ,onoda
末永,27600,すえなが,suenaga
赤松,27600,あかまつ,akamatsu
宮脇,27600,みやわき,miyawaki
阿久津,27500,あくつ,akutsu
大矢,27500,おおや,ooya
宮野,27300,みやの,miyano
古沢,27300,ふるさわ,furusawa
島袋,27100,しまぶくろ,shimabukuro
今西,27100,いまにし,imanishi
塩谷,27100,しおや,shioya
倉持,27100,くらもち,kuramochi
水田,27000,すいでん,suiden
風間,27000,かざま,kazama
本橋,27000,もとはし,motohashi
麻生,26900,あそう,asou
仲田,26900,なかだ,nakada
香川,26800,かがわ,kagawa
菅沼,26800,すがぬま,suganuma
坂元,26700,さかもと,sakamoto
生田,26700,いくた,ikuta
喜多,26600,きた,kita
門田,26600,かどた,kadota
小幡,26600,おばた,obata
井川,26500,いがわ,igawa
西口,26500,にしぐち,nishiguchi
大庭,26400,おおば,ooba
大和田,26300,おおわだ,oowada
平良,26200,たいら,taira
中林,26200,なかばやし,nakabayashi
小久保,26200,こくぼ,kokubo
梅本,26100,うめもと,umemoto
須賀,26100,すが,suga
浦田,26000,うらた,urata
佐川,26000,さがわ,sagawa
富岡,26000,とみおか,tomioka
岩渕,26000,いわぶち,iwabuchi
浜本,25900,はまもと,hamamoto
岩間,25900,いわま,iwama
大滝,25800,おおたき,ootaki
海老原,25800,えびはら,ebihara
土橋,25800,どばし,dobashi
木本,25800,もくほん,mokuhon
日下,25800,くさか,kusaka
川辺,25800,かわべ,kawabe
矢口,25800,やぐち,yaguchi
杉野,25800,すぎの,sugino
木戸,25800,きど,kido
永島,25700,ながしま,nagashima
波多野,25600,はたの,hatano
金丸,25400,かねまる,kanemaru
砂川,25400,すながわ,sunagawa
長崎,25400,ながさき,nagasaki
羽田,25300,はねだ,haneda
目黒,25200,めぐろ,meguro
小沼,25200,こぬま,konuma
小椋,25200,おぐら,ogura
立川,25200,たちかわ,tachikawa
平沢,25200,ひらさわ,hirasawa
森脇,25100,もりわき,moriwaki
依田,25100,よだ,yoda
白鳥,25100,はくちょう,hakuchou
真田,25100,さなだ,sanada
浅川,25100,あさかわ,asakawa
雨宮,25100,あまみや,amamiya
板橋,25000,いたばし,itabashi
山形,25000,やまがた,yamagata
影山,24900,かげやま,kageyama
石坂,24900,いしざか,ishizaka
神崎,24900,かんざき,kanzaki
大畑,24900,おおはた,oohata
深田,24900,ふかだ,fukada
濱田,24900,はまだ,hamada
寺尾,24800,てらお,terao
曽根,24800,そね,sone
矢田,24800,やだ,yada
松元,24600,まつもと,matsumoto
山元,24500,やまもと,yamamoto
三枝,24400,みえだ,mieda
高倉,24400,たかくら,takakura
北沢,24400,きたざわ,kitazawa
橋爪,24300,はしづめ,hashidume
勝又,24300,かつまた,katsumata
赤木,24200,あかぎ,akagi
宇田川,24200,うだがわ,udagawa
清田,24200,きよた,kiyota
梅津,24200,うめつ,umetsu
丹野,24000,たんの,tanno
宇都宮,24000,うつのみや,utsunomiya
柳川,24000,やながわ,yanagawa
尾上,23900,おのえ,onoe
芦田,23900,あしだ,ashida
瀬尾,23900,せお,seo
櫻井,23800,さくらい,sakurai
岩城,23800,いわき,iwaki
神野,23800,じんの,jinno
江原,23600,えはら,ehara
横尾,23600,よこお,yokoo
鶴岡,23600,つるおか,tsuruoka
池内,23600,いけうち,ikeuchi
柳原,23600,やなぎはら,yanagihara
坂野,23500,さかの,sakano
栗林,23400,くりばやし,kuribayashi
吉澤,23400,よしざわ,yoshizawa
西脇,23400,にしわき,nishiwaki
久米,23400,くめ,kume
桑田,23400,そうでん,souden
角,23300,かど,kado
結城,23300,ゆうき,yuuki
川西,23300,かわにし,kawanishi
日比野,23300,ひびの,hibino
森口,23200,もりぐち,moriguchi
西島,23200,にしじま,nishijima
小堀,23200,こぼり,kobori
大嶋,23200,おおしま,ooshima
梅村,23200,うめむら,umemura
上杉,23100,うえすぎ,uesugi
飛田,23100,とびた,tobita
浦野,23100,うらの,urano
手島,23100,てしま,teshima
井原,23000,いはら,ihara
首藤,23000,しゅどう,shudou
小菅,23000,こすげ,kosuge
赤坂,22900,あかさか,akasaka
田端,22900,たばた,tabata
玉置,22900,たまおき,tamaoki
青野,22800,あおの,aono
北,22700,きた,kita
横川,22700,よがわ,yogawa
柏原,22700,かしわら,kashiwara
小玉,22500,こだま,kodama
小高,22500,おだか,odaka
大林,22500,おおばやし,oobayashi
水島,22400,みずしま,mizushima
合田,22400,ごうだ,gouda
浅沼,22400,あさぬま,asanuma
梅沢,22300,うめざわ,umezawa
竹原,22200,たけはら,takehara
角谷,22200,つのたに,tsunotani
宮坂,22100,みやさか,miyasaka
脇田,22100,わきた,wakita
有賀,22100,ありが,ariga
志田,22000,しだ,shida
本村,22000,もとむら,motomura
池本,22000,いけもと,ikemoto
三沢,22000,みさわ,misawa
柴山,21900,しばやま,shibayama
島津,21900,しまず,shimazu
明石,21900,あかし,akashi
妹尾,21700,せお,seo
春日,21700,しゅんじつ,shunjitsu
池谷,21700,いけや,ikeya
宮里,21600,みやざと,miyazato
大下,21600,おおした,ooshita
大和,21600,やまと,yamato
勝田,21600,かつた,katsuta
滝川,21600,たきがわ,takigawa
加瀬,21500,かせ,kase
中塚,21400,なかつか,nakatsuka
富山,21400,とやま,toyama
楠,21400,くすのき,kusunoki
前島,21400,まえじま,maejima
会田,21300,あいだ,aida
阪口,21200,さかぐち,sakaguchi
柿沼,21100,かきぬま,kakinuma
戸塚,21100,とつか,totsuka
恩田,21100,おんだ,onda
曽我,21100,そが,soga
笹川,21000,ささがわ,sasagawa
益田,21000,ますだ,masuda
谷村,21000,たにむら,tanimura
川越,21000,かわごし,kawagoshi
前野,21000,まえの,maeno
国分,20900,こくぶ,kokubu
石野,20900,いしの,ishino
古山,20900,ふるやま,furuyama
楠本,20900,くすもと,kusumoto
吉崎,20900,よしざき,yoshizaki
磯野,20900,いその,isono
白木,20900,しらき,shiraki
小栗,20900,ささぐり,sasaguri
菅井,20800,すがい,sugai
野島,20800,のじま,nojima
坂東,20800,ばんどう,bandou
夏目,20800,なつめ,natsume
岡山,20700,おかやま,okayama
日下部,20700,くさかべ,kusakabe
内村,20600,うちむら,uchimura
井本,20600,いもと,imoto
熊田,20500,くまだ,kumada
花岡,20500,はなおか,hanaoka
高畑,20500,たかはた,takahata
石倉,20400,いしくら,ishikura
玉木,20400,たまき,tamaki
沖,20400,おき,oki
中,20400,なか,naka
田渕,20400,たぶち,tabuchi
滝,20300,たき,taki
金澤,20300,かなざわ,kanazawa
持田,20300,もちだ,mochida
城戸,20300,きど,kido
倉本,20300,くらもと,kuramoto
末吉,20300,すえきち,suekichi
神戸,20300,こうべ,koube
福地,20300,ふくち,fukuchi
東海林,20300,しょうじ,shouji
浜,20300,はま,hama
田所,20200,たどころ,tadokoro
鬼頭,20200,きとう,kitou
沖田,20100,おきた,okita
児島,20100,こじま,kojima
塩見,20100,しおみ,shiomi
若山,20100,わかやま,wakayama
森井,20000,もりい,morii
黒崎,20000,くろさき,kurosaki
八田,20000,はった,hatta
寺沢,20000,てらさわ,terasawa
沢井,20000,さわい,sawai
廣瀬,19900,ひろせ,hirose
森永,19900,もりなが,morinaga
重松,19900,しげまつ,shigematsu
大浦,19900,おおうら,ooura
高嶋,19900,たかしま,takashima
本山,19900,ほんざん,honzan
高谷,19900,たかや,takaya
寺西,19900,てらにし,teranishi
村木,19800,むらき,muraki
大高,19800,おおたか,ootaka
井村,19800,いむら,imura
重田,19700,しげた,shigeta
田尻,19700,たしり,tashiri
今,19700,いま,ima
深井,19700,しんせい,shinsei
粕谷,19700,かすや,kasuya
長坂,19700,ながさか,nagasaka
南部,19500,なんぶ,nanbu
平賀,19500,ひらが,hiraga
菊田,19400,きくた,kikuta
玉田,19400,たまだ,tamada
鵜飼,19400,うかい,ukai
米倉,19300,よねくら,yonekura
川嶋,19300,かわしま,kawashima
秋本,19200,あきもと,akimoto
寺岡,19200,てらおか,teraoka
岡島,19200,おかじま,okajima
磯崎,19200,いそざき,isozaki
岩谷,19100,いわたに,iwatani
猪股,19100,いのまた,inomata
熊倉,19100,くまくら,kumakura
笹原,19100,ささわら,sasawara
桜田,19000,さくらだ,sakurada
増井,19000,ますい,masui
畠中,19000,はたなか,hatanaka
冨永,19000,とみなが,tominaga
野呂,19000,のろ,noro
知念,18900,ちねん,chinen
氏家,18900,うじいえ,ujiie
古橋,18800,ふるはし,furuhashi
紺野,18700,こんの,konno
大関,18700,おおぜき,oozeki
長浜,18700,ながはま,nagahama
富沢,18700,とみさわ,tomisawa
小俣,18700,おまた,omata
小口,18700,こぐち,koguchi
小平,18700,こだいら,kodaira
五味,18700,ごみ,gomi
小暮,18600,こぐれ,kogure
川添,18600,かわぞえ,kawazoe
牧田,18500,まきた,makita
新村,18500,にいむら,niimura
土谷,18500,つちや,tsuchiya
梶田,18500,かじた,kajita
西井,18500,にしい,nishii
西浦,18500,にしうら,nishiura
下地,18400,したじ,shitaji
安永,18400,やすなが,yasunaga
平本,18400,ひらもと,hiramoto
岩村,18400,いわむら,iwamura
柳瀬,18400,やなせ,yanase
境,18300,さかい,sakai
丸田,18300,まるた,maruta
相田,18300,あいだ,aida
河西,18300,かさい,kasai
鹿野,18300,かの,kano
倉橋,18300,くらはし,kurahashi
花井,18300,はない,hanai
大越,18200,おおこし,ookoshi
長沼,18200,ながぬま,naganuma
今川,18200,いまがわ,imagawa
鹿島,18200,かしま,kashima
杉崎,18200,すぎさき,sugisaki
辻村,18200,つじむら,tsujimura
宮澤,18100,みやざわ,miyazawa
塚越,18000,つかこし,tsukakoshi
小峰,18000,こみね,komine
寺崎,18000,てらさき,terasaki
松谷,18000,まつや,matsuya
藤島,18000,ふじしま,fujishima
百瀬,18000,ももせ,momose
我妻,17900,あがつま,agatsuma
黒澤,17900,くろさわ,kurosawa
二瓶,17900,ふたびん,futabin
安川,17900,やすかわ,yasukawa
寺井,17900,てらい,terai
寺内,17900,じない,jinai
湊,17900,みなと,minato
新保,17900,しんぼ,shinbo
神原,17900,かんばら,kanbara
赤羽,17900,あかばね,akabane
伴,17900,とも,tomo
川名,17800,かわな,kawana
伊達,17700,だて,date
古市,17700,ふるいち,furuichi
益子,17600,ますこ,masuko
本郷,17600,ほんごう,hongou
滝田,17500,たきた,takita
浦,17500,うら,ura
品川,17500,しながわ,shinagawa
篠塚,17500,しのづか,shinoduka
東野,17500,とうの,touno
室井,17400,むろい,muroi
石沢,17400,いしざわ,ishizawa
土肥,17400,とい,toi
熊沢,17400,くまさわ,kumasawa
真野,17400,まの,mano
野間,17400,のま,noma
仲野,17400,なかの,nakano
大前,17400,おおさき,oosaki
郡司,17300,ぐんし,gunshi
金,17300,かね,kane
平原,17300,へいげん,heigen
的場,17300,まとば,matoba
中岡,17300,なかおか,nakaoka
須永,17200,すなが,sunaga
片野,17200,かたの,katano
江田,17200,えだ,eda
村越,17200,むらこし,murakoshi
江頭,17100,えがしら,egashira
新川,17100,しんかわ,shinkawa
村中,17100,むらじゅう,murajuu
大宮,17100,おおみや,oomiya
河上,17100,かわかみ,kawakami
神保,17100,じんぼ,jinbo
藤山,17000,ふじやま,fujiyama
照井,17000,てるい,terui
南雲,17000,なぐも,nagumo
渥美,17000,あつみ,atsumi
安西,16900,あんざい,anzai
長友,16900,ながとも,nagatomo
坂,16900,さか,saka
保田,16900,やすだ,yasuda
野尻,16900,のじり,nojiri
大岩,16900,おおいわ,ooiwa
金原,16900,きんばら,kinbara
長澤,16800,ながさわ,nagasawa
久田,16800,ひさだ,hisada
湯川,16800,ゆかわ,yukawa
住田,16800,すみた,sumita
安原,16700,やすはら,yasuhara
赤井,16700,あかい,akai
広川,16700,ひろかわ,hirokawa
森島,16700,もりしま,morishima
栗本,16700,くりもと,kurimoto
高須,16700,たかす,takasu
矢吹,16600,やぶき,yabuki
増山,16600,ますやま,masuyama
大河原,16600,おおかわら,ookawara
河口,16600,かこう,kakou
松橋,16600,まつはし,matsuhashi
河崎,16600,かわさき,kawasaki
伏見,16500,ふしみ,fushimi
小山田,16500,おやまだ,oyamada
有村,16500,ありむら,arimura
船越,16500,ふなこし,funakoshi
石岡,16500,いしおか,ishioka
塩崎,16500,しおざき,shiozaki
梶,16500,かじ,kaji
津村,16500,つむら,tsumura
北岡,16500,きたおか,kitaoka
増子,16400,ましこ,mashiko
坪田,16400,つぼた,tsubota
相良,16400,さがら,sagara
長嶋,16400,ながしま,nagashima
金野,16400,かねの,kaneno
薄井,16400,うすい,usui
上岡,16400,かみおか,kamioka
石村,16400,いしむら,ishimura
高津,16400,たかつ,takatsu
吉見,16400,よしみ,yoshimi
関本,16300,せきもと,sekimoto
中森,16300,なかもり,nakamori
西森,16300,にしもり,nishimori
藤谷,16300,ふじたに,fujitani
矢崎,16300,やざき,yazaki
磯貝,16300,いそがい,isogai
緑川,16200,みどりがわ,midorigawa
八巻,16200,はっかん,hakkan
安東,16200,あんどう,andou
谷田,16200,たにだ,tanida
藤巻,16200,ふじまき,fujimaki
河井,16200,かわい,kawai
桑野,16200,くわの,kuwano
稲村,16100,いなむら,inamura
梶山,16100,かじやま,kajiyama
福士,16100,ふくし,fukushi
高坂,16100,たかさか,takasaka
垣内,16100,かきうち,kakiuchi
高沢,16100,たかさわ,takasawa
山脇,16100,やまわき,yamawaki
仲宗根,16000,なかそね,nakasone
関野,16000,せきの,sekino
森崎,16000,もりさき,morisaki
浜中,16000,はまなか,hamanaka
尾関,16000,おぜき,ozeki
水本,15900,みずもと,mizumoto
長山,15900,ながやま,nagayama
小村,15900,こむら,komura
中道,15900,ちゅうどう,chuudou
棚橋,15900,たなはし,tanahashi
牛島,15800,うしじま,ushijima
堺,15800,さかい,sakai
住吉,15800,すみよし,sumiyoshi
松林,15800,まつばやし,matsubayashi
湯本,15800,ゆもと,yumoto
谷内,15800,たにうち,taniuchi
二村,15800,にそん,nison
迫田,15700,さこだ,sakoda
照屋,15600,てるや,teruya
榊,15600,さかき,sakaki
小宮山,15600,こみやま,komiyama
小竹,15600,こたけ,kotake
相澤,15500,あいざわ,aizawa
船木,15500,ふなき,funaki
玉川,15500,たまかわ,tamakawa
東山,15500,ひがしやま,higashiyama
柿崎,15500,かきざき,kakizaki
見,15500,み,mi
田嶋,15500,たじま,tajima
加賀,15500,かが,kaga
柿本,15400,かきもと,kakimoto
塩野,15400,しおの,shiono
椿,15400,つばき,tsubaki
飯村,15400,いいむら,iimura
塩沢,15400,しおざわ,shiozawa
新美,15400,にいみ,niimi
丸岡,15300,まるおか,maruoka
芝田,15300,しばた,shibata
大坂,15300,おおさか,oosaka
梅木,15300,うめき,umeki
赤塚,15300,あかつか,akatsuka
鶴見,15300,つるみ,tsurumi
深澤,15200,ふかざわ,fukazawa
吉武,15200,よしたけ,yoshitake
永瀬,15200,ながせ,nagase
越川,15200,えつかわ,etsukawa
田沢,15100,たざわ,tazawa
矢沢,15100,やざわ,yazawa
高森,15000,たかもり,takamori
下野,15000,げや,geya
仲,15000,なか,naka
清原,15000,きよはら,kiyohara
唐沢,15000,からさわ,karasawa
駒井,14900,こまい,komai
小橋,14900,こばし,kobashi
向山,14900,こうやま,kouyama
井沢,14900,いざわ,izawa
沢,14900,さわ,sawa
三瓶,14800,さんびん,sanbin
平間,14800,ひらま,hirama
西澤,14800,にしざわ,nishizawa
鮫島,14800,さめじま,samejima
木島,14800,きじま,kijima
宇田,14800,うだ,uda
辻井,14800,つぢい,tsudii
高杉,14800,たかすぎ,takasugi
藤澤,14700,ふじさわ,fujisawa
植野,14700,うえの,ueno
原島,14700,はらしま,harashima
竹林,14700,ちくりん,chikurin
川内,14700,かわうち,kawauchi
高林,14700,たかばやし,takabayashi
畑山,14700,はたけやま,hatakeyama
疋田,14700,ひきた,hikita
西崎,14700,にしざき,nishizaki
名倉,14700,なくら,nakura
福元,14600,ふくもと,fukumoto
磯田,14600,いそだ,isoda
岩沢,14600,いわさわ,iwasawa
笹本,14600,ささもと,sasamoto
八幡,14600,はちまん,hachiman
塙,14600,はなわ,hanawa
犬飼,14600,いぬかい,inukai
福沢,14600,ふくざわ,fukuzawa
羽鳥,14500,はとり,hatori
加茂,14500,かも,kamo
米谷,14500,よねや,yoneya
平石,14500,ひらいし,hiraishi
袴田,14500,はかまだ,hakamada
勝山,14500,かつやま,katsuyama
鳴海,14500,なるみ,narumi
島本,14400,しまもと,shimamoto
西垣,14400,にしがき,nishigaki
対馬,14400,つしま,tsushima
森野,14400,もりの,morino
金本,14400,かなもと,kanamoto
長屋,14400,ながや,nagaya
上地,14300,じょうち,jouchi
廣田,14300,ひろた,hirota
安斎,14300,あんざい,anzai
村尾,14300,むらお,murao
船橋,14300,ふなばし,funabashi
志水,14300,しみず,shimizu
岩橋,14200,いわはし,iwahashi
村本,14200,むらもと,muramoto
浦川,14200,うらかわ,urakawa
山浦,14200,やまうら,yamaura
大屋,14200,おおや,ooya
城,14200,しろ,shiro
木谷,14200,きだに,kidani
沢村,14200,さわむら,sawamura
伊沢,14200,いざわ,izawa
柳澤,14200,やなぎさわ,yanagisawa
新里,14100,にいさと,niisato
衛藤,14100,えとう,etou
若杉,14100,わかすぎ,wakasugi
小熊,14100,こぐま,koguma
桂,14100,かつら,katsura
神,14100,かみ,kami
小田島,14100,おだじま,odajima
大杉,14100,おおすぎ,oosugi
長,14100,ちょう,chou
赤堀,14100,あかほり,akahori
早瀬,14100,はやせ,hayase
小崎,14100,おざき,ozaki
庄子,14000,しょうじ,shouji
横溝,14000,よこみぞ,yokomizo
芝,14000,しば,shiba
伊勢,14000,いせ,ise
小山内,14000,おさない,osanai
添田,14000,そえだ,soeda
川又,14000,かわまた,kawamata
時田,14000,ときた,tokita
石毛,14000,いしげ,ishige
城間,13900,しろま,shiroma
高塚,13900,たかつか,takatsuka
長嶺,13900,ながみね,nagamine
宮村,13900,みやむら,miyamura
板谷,13900,いたや,itaya
深川,13900,ふかがわ,fukagawa
芹沢,13900,せりざわ,serizawa
高久,13900,たかく,takaku
高本,13900,こうもと,koumoto
柴,13800,しば,shiba
竹山,13800,たけやま,takeyama
保科,13800,ほしな,hoshina
柳井,13800,やない,yanai
鳥海,13700,とりうみ,toriumi
丸尾,13700,まるお,maruo
新藤,13700,しんどう,shindou
大迫,13700,おおさこ,oosako
松葉,13700,まつば,matsuba
直井,13700,なおい,naoi
飯沼,13700,いいぬま,iinuma
平岩,13700,ひらいわ,hiraiwa
永松,13600,ながまつ,nagamatsu
米村,13600,よねむら,yonemura
谷山,13600,たにやま,taniyama
徳山,13600,とくやま,tokuyama
山谷,13500,さんこく,sankoku
猪俣,13500,いのまた,inomata
塩川,13500,しおかわ,shiokawa
国井,13500,くにい,kunii
大上,13500,おおがみ,oogami
竹島,13500,たけしま,takeshima
安岡,13500,やすおか,yasuoka
井戸,13500,いど,ido
桐山,13500,きりやま,kiriyama
水越,13500,みずこし,mizukoshi
新城,13400,しんじょう,shinjou
別府,13400,べっぷ,beppu
黒瀬,13400,くろせ,kurose
山路,13400,やまじ,yamaji
上林,13400,かんばやし,kanbayashi
佃,13400,つくだ,tsukuda
小浜,13400,おばま,obama
柘植,13400,つげ,tsuge
大須賀,13400,おおすが,oosuga
猪狩,13300,いかり,ikari
赤間,13300,あかま,akama
幸田,13300,こうだ,kouda
日向,13300,ひなた,hinata
岩野,13300,いわの,iwano
安江,13300,やすえ,yasue
野澤,13300,のざわ,nozawa
竹之内,13200,たけのうち,takenouchi
熊野,13200,くまの,kumano
福嶋,13200,ふくしま,fukushima
福留,13200,ふくどめ,fukudome
生駒,13200,いこま,ikoma
大泉,13200,おおいずみ,ooizumi
柳沼,13200,やぎぬま,yaginuma
大河内,13200,おおこうち,ookouchi
橋詰,13100,はしづめ,hashidume
竹井,13100,たけい,takei
平島,13100,ひらしま,hirashima
岩見,13100,いわみ,iwami
脇,13100,わき,waki
青島,13100,あおしま,aoshima
須崎,13100,すざき,suzaki
岩元,13000,いわもと,iwamoto
村川,13000,むらかわ,murakawa
須貝,13000,すがい,sugai
藤,13000,ふじ,fuji
新山,13000,しんやま,shinyama
藤江,13000,ふじえ,fujie
鳥越,12900,とりごえ,torigoe
猿渡,12900,さるわたり,saruwatari
早田,12900,そうだ,souda
熊本,12900,くまもと,kumamoto
石上,12900,いしがみ,ishigami
上西,12900,うえにし,uenishi
山西,12900,やまにし,yamanishi
神尾,12900,かみお,kamio
中平,12900,なかひら,nakahira
名取,12900,なとり,natori
深見,12900,ふかみ,fukami
赤嶺,12800,あかみね,akamine
五島,12800,ごとう,gotou
上島,12800,うえじま,uejima
崎山,12800,さきやま,sakiyama
矢作,12700,やはぎ,yahagi
鎌倉,12700,かまくら,kamakura
兵頭,12700,ひょうどう,hyoudou
小松崎,12700,こまつざき,komatsuzaki
小塚,12700,こづか,koduka
宗像,12600,しゅうぞう,shuuzou
松澤,12600,まつざわ,matsuzawa
綿貫,12600,わたぬき,watanuki
砂田,12600,すなだ,sunada
岩切,12600,いわきり,iwakiri
春田,12600,はるた,haruta
長江,12600,ながえ,nagae
鷲見,12600,すみ,sumi
秋吉,12500,あきよし,akiyoshi
安本,12500,やすもと,yasumoto
塩原,12500,しおはら,shiohara
新倉,12500,にいくら,niikura
竹谷,12500,たけや,takeya
萩野,12500,はぎの,hagino
松坂,12500,まつざか,matsuzaka
桜庭,12400,さくらば,sakuraba
鬼塚,12400,おにずか,onizuka
古澤,12400,ふるさわ,furusawa
荒谷,12400,あらや,araya
石津,12400,いしつ,ishitsu
関川,12400,せきかわ,sekikawa
平木,12400,ひらき,hiraki
梶谷,12400,かじたに,kajitani
園部,12400,そのべ,sonobe
市橋,12400,いちはし,ichihashi
舟橋,12400,ふなはし,funahashi
真下,12300,ました,mashita
蛭田,12300,ひるた,hiruta
広岡,12300,ひろおか,hirooka
藤枝,12300,ふじえだ,fujieda
竹川,12300,たけがわ,takegawa
間瀬,12300,ませ,mase
岡林,12200,おかばやし,okabayashi
二階堂,12200,にかいどう,nikaidou
土岐,12200,とき,toki
大岡,12200,おおおか,oooka
池野,12200,いけの,ikeno
加賀谷,12100,かがや,kagaya
安倍,12100,あべ,abe
竹沢,12100,たけざわ,takezawa
磯,12100,いそ,iso
佐原,12100,さはら,sahara
磯村,12100,いそむら,isomura
一ノ瀬,12000,いちのせ,ichinose
黒須,12000,くろす,kurosu
東田,12000,ひがしだ,higashida
鳥羽,12000,とば,toba
川尻,12000,かわじり,kawajiri
友田,12000,ともだ,tomoda
岸野,12000,きしの,kishino
辰巳,12000,たつみ,tatsumi
清家,12000,せいけ,seike
近江,11900,おおみ,oomi
副島,11900,そえじま,soejima
大賀,11900,たいが,taiga
元木,11900,もとき,motoki
村野,11900,むらの,murano
武山,11900,たけやま,takeyama
脇坂,11900,わきざか,wakizaka
守田,11900,もりた,morita
大堀,11900,おおほり,oohori
高石,11900,たかいし,takaishi
馬渕,11900,まぶち,mabuchi
犬塚,11900,いぬづか,inuduka
中園,11800,なかぞの,nakazono
船津,11800,ふなつ,funatsu
戸村,11800,とむら,tomura
菊川,11800,きくがわ,kikugawa
堀尾,11800,ほりお,horio
米川,11800,よねかわ,yonekawa
井坂,11800,いさか,isaka
嶋崎,11800,しまざき,shimazaki
星川,11800,ほしかわ,hoshikawa
吉松,11700,よしまつ,yoshimatsu
佐山,11700,さやま,sayama
須山,11700,すやま,suyama
宮嶋,11700,みやじま,miyajima
奥谷,11700,おくたに,okutani
多賀,11600,たが,taga
大里,11600,おおさと,oosato
吉成,11600,よしなり,yoshinari
有吉,11600,ありよし,ariyoshi
谷岡,11600,たにおか,tanioka
若月,11600,わかつき,wakatsuki
田丸,11600,たまる,tamaru
高城,11600,たかぎ,takagi
梶川,11600,かじかわ,kajikawa
坪内,11600,つぼうち,tsubouchi
小田切,11600,おだぎり,odagiri
亀谷,11600,かめや,kameya
辻野,11600,つじの,tsujino
片倉,11600,かたくら,katakura
北条,11600,ほうじょう,houjixyou
北口,11600,きたぐち,kitaguchi
日置,11600,ひおき,hioki
杉谷,11500,すぎたに,sugitani
川北,11500,かわきた,kawakita
宮武,11500,みやたけ,miyatake
大本,11500,おおもと,oomoto
長内,11500,おさない,osanai
新,11500,しん,shin
山地,11500,さんち,sanchi
江本,11500,えもと,emoto
海老沢,11500,えびさわ,ebisawa
赤沢,11500,あかざわ,akazawa
土方,11500,どかた,dokata
伊波,11400,いなみ,inami
春山,11400,はるやま,haruyama
柴原,11400,しばはら,shibahara
大門,11400,だいもん,daimon
大脇,11400,おおわき,oowaki
巽,11400,たつみ,tatsumi
広沢,11400,ひろさわ,hirosawa
堀部,11400,ほりべ,horibe
兼子,11400,かねこ,kaneko
戸谷,11300,とや,toya
岡安,11300,おかやす,okayasu
佐田,11300,さた,sata
有本,11300,ありもと,arimoto
藤倉,11300,ふじくら,fujikura
箕輪,11300,みのわ,minowa
武石,11300,たけいし,takeishi
河辺,11300,かわべ,kawabe
片平,11200,かたひら,katahira
安里,11200,あり,ari
設楽,11200,しだら,shidara
宮尾,11200,みやお,miyao
八島,11200,やしま,yashima
姫野,11200,ひめの,himeno
細見,11200,さいけん,saiken
田山,11200,たやま,tayama
末広,11200,すえひろ,suehiro
田坂,11200,たさか,tasaka
赤尾,11200,あかお,akao
曽我部,11200,そがべ,sogabe
小木曽,11200,おぎそ,ogiso
伊原,11100,いはら,ihara
赤石,11100,あかいし,akaishi
寺山,11100,てらやま,terayama
間宮,11100,まみや,mamiya
北浦,11100,きたうら,kitaura
中込,11100,なかごみ,nakagomi
辻田,11100,つじだ,tsujida
深津,11100,ふかつ,fukatsu
瀬戸口,11000,せとぐち,setoguchi
糸井,11000,いとい,itoi
牟田,11000,むた,muta
真壁,11000,まかべ,makabe
江上,11000,こうじょう,koujixyou
小松原,11000,こまつばら,komatsubara
井関,11000,いせき,iseki
若井,11000,わかい,wakai
作田,11000,さくた,sakuta
田淵,11000,たぶち,tabuchi
横内,11000,よこうち,yokouchi
中江,11000,なかえ,nakae
高垣,11000,たかがき,takagaki
杉江,11000,すぎえ,sugie
鳥山,11000,とりやま,toriyama
古野,10900,ふるの,furuno
国吉,10900,くによし,kuniyoshi
末松,10900,すえまつ,suematsu
半沢,10900,はんざわ,hanzawa
末次,10900,すえつぐ,suetsugu
吉良,10900,きら,kira
高宮,10900,たかみや,takamiya
金川,10900,かねかわ,kanekawa
露木,10900,つゆき,tsuyuki
藤間,10900,ふじま,fujima
河津,10800,かわつ,kawatsu
草間,10800,くさま,kusama
新居,10800,しんきょ,shinkyo
日比,10800,ひび,hibi
永尾,10700,ながお,nagao
二見,10700,ふたみ,futami
朝日,10700,あさひ,asahi
奥原,10700,おくはら,okuhara
峯,10700,みね,mine
角野,10700,すみの,sumino
上条,10700,かみじょう,kamijixyou
高良,10600,たから,takara
梅野,10600,うめの,umeno
橋田,10600,はしだ,hashida
岩上,10600,いわがみ,iwagami
藤平,10600,ふじひら,fujihira
下平,10600,しもだいら,shimodaira
有川,10600,ありかわ,arikawa
深山,10600,しんざん,shinzan
石神,10600,いしがみ,ishigami
白田,10600,しろた,shirota
高畠,10600,たかはた,takahata
永吉,10500,ながよし,nagayoshi
坂根,10500,さかね,sakane
山室,10500,やまむろ,yamamuro
香取,10500,かとり,katori
鷲尾,10500,わしお,washio
田井,10500,たい,tai
野坂,10500,のさか,nosaka
江尻,10500,えじり,ejiri
稲川,10500,いながわ,inagawa
早野,10500,はやの,hayano
速水,10500,はやみ,hayami
久松,10500,ひさまつ,hisamatsu
小田原,10400,おだわら,odawara
折原,10400,おりはら,orihara
古家,10400,ふるや,furuya
前山,10400,さきやま,sakiyama
白土,10400,しらつち,shiratsuchi
里見,10400,さとみ,satomi
沖野,10400,おきの,okino
西出,10400,にしで,nishide
佐瀬,10400,させ,sase
上坂,10400,かみさか,kamisaka
桐生,10300,きりゅう,kirixyuu
石森,10300,いしもり,ishimori
池永,10300,いけなが,ikenaga
品田,10300,しなだ,shinada
永岡,10300,ながおか,nagaoka
沢口,10300,さわぐち,sawaguchi
八重樫,10300,やえがし,yaegashi
猪野,10300,いの,ino
池原,10300,いけはら,ikehara
鍋島,10300,なべしま,nabeshima
正田,10300,しょうだ,shouda
菱沼,10300,ひしぬま,hishinuma
岩倉,10300,いわくら,iwakura
錦織,10300,にしおり,nishiori
井野,10300,いの,ino
中崎,10300,なかざき,nakazaki
香月,10200,かつき,katsuki
矢内,10200,やない,yanai
宮前,10200,みやまえ,miyamae
逸見,10200,へみ,hemi
湯田,10200,ゆだ,yuda
嶋,10200,しま,shima
宮部,10200,みやべ,miyabe
笹田,10200,ささだ,sasada
泉谷,10200,いずみや,izumiya
今岡,10200,いまおか,imaoka
熊崎,10200,くまざき,kumazaki
坂巻,10100,さかまき,sakamaki
白岩,10100,しろいわ,shiroiwa
藤代,10100,ふじしろ,fujishiro
小柴,10100,こしば,koshiba
江島,10100,えじま,ejima
渕上,10100,ふちがみ,fuchigami
宮永,10100,みやなが,miyanaga
君島,10100,きみじま,kimijima
湯沢,10100,ゆざわ,yuzawa
島野,10100,しまの,shimano
仁科,10100,にしな,nishina
立野,10100,たての,tateno
大道,10100,だいどう,daidou
門馬,10000,もんま,monma
木山,10000,きやま,kiyama
小野塚,10000,おのづか,onoduka
山際,10000,やまぎわ,yamagiwa
笹岡,10000,ささおか,sasaoka
本庄,10000,ほんじょう,honjou
成沢,10000,なりさわ,narisawa
飯尾,10000,いいお,iio
高桑,10000,たかくわ,takakuwa
中瀬,10000,なかせ,nakase
松藤,9900,まつふじ,matsufuji
宮岡,9900,みやおか,miyaoka
川久保,9900,かわくぼ,kawakubo
尾田,9900,おだ,oda
田野,9900,でんや,denya
三角,9900,さんかく,sankaku
景山,9900,かげやま,kageyama
寺嶋,9900,てらしま,terashima
木崎,9900,きざき,kizaki
野瀬,9900,のせ,nose
石島,9900,いしじま,ishijima
野々村,9900,ののむら,nonomura
柳本,9900,やなぎもと,yanagimoto
中垣,9900,なかがき,nakagaki
青田,9800,あおた,aota
梅崎,9800,うめざき,umezaki
赤池,9800,あかいけ,akaike
木暮,9800,こぐれ,kogure
又吉,9800,またよし,matayoshi
嶋村,9800,しまむら,shimamura
北林,9800,きたばやし,kitabayashi
大月,9800,おおつき,ootsuki
福村,9800,ふくむら,fukumura
羽賀,9800,はが,haga
一瀬,9800,いちのせ,ichinose
小黒,9800,こぐろ,koguro
菅田,9800,すげた,sugeta
隅田,9800,すみだ,sumida
手嶋,9800,てしま,teshima
浅岡,9800,あさおか,asaoka
関戸,9700,せきど,sekido
木元,9700,きもと,kimoto
羽生,9700,はにゅう,hanyuu
諸岡,9700,もろおか,morooka
柏崎,9700,かしわざき,kashiwazaki
米澤,9700,よねざわ,yonezawa
船山,9700,ふなやま,funayama
浅利,9700,あさり,asari
碓井,9700,うすい,usui
仙波,9700,せんなみ,sennami
松丸,9700,まつまる,matsumaru
兵藤,9700,ひょうどう,hyoudou
楠田,9600,くすだ,kusuda
津久井,9600,つくい,tsukui
伊佐,9600,いさ,isa
浦上,9600,うらがみ,uragami
伊丹,9600,いたみ,itami
古瀬,9600,こせ,kose
阪田,9600,さかた,sakata
八代,9600,はちだい,hachidai
四方,9600,しほう,shihou
遊佐,9600,ゆさ,yusa
一戸,9600,いっこ,ikko
広野,9600,こうや,kouya
溝上,9600,みぞかみ,mizokami
笹井,9600,ささい,sasai
北尾,9600,きたお,kitao
河島,9600,かわしま,kawashima
小河,9600,おがわ,ogawa
鳥井,9600,とりい,torii
桝田,9600,ますだ,masuda
永谷,9600,ながたに,nagatani
若狭,9500,わかさ,wakasa
新妻,9500,にいづま,niiduma
具志堅,9500,ぐしかた,gushikata
梅澤,9500,うめざわ,umezawa
丹治,9500,たんじ,tanji
中元,9500,ちゅうげん,chuugen
山木,9500,やまき,yamaki
中橋,9500,なかはし,nakahashi
大浜,9500,おおはま,oohama
戸川,9500,とがわ,togawa
山添,9500,やまぞえ,yamazoe
水戸,9500,みと,mito
猪瀬,9500,いのせ,inose
大垣,9500,おおがき,oogaki
松倉,9500,まつくら,matsukura
深瀬,9500,ふかせ,fukase
所,9500,ところ,tokoro
桑山,9500,くわやま,kuwayama
浜島,9500,はましま,hamashima
綾部,9400,あやべ,ayabe
杉岡,9400,すぎおか,sugioka
檜山,9400,ひやま,hiyama
別所,9400,べっしょ,besshixyo
一色,9400,いっしょく,isshixyoku
春名,9400,はるな,haruna
常盤,9400,ときわ,tokiwa
勝野,9400,かつの,katsuno
穂積,9300,ほづみ,hodumi
根津,9300,ねず,nezu
岸川,9300,きしかわ,kishikawa
能登,9300,のと,noto
笠松,9300,かさまつ,kasamatsu
笹木,9300,ささき,sasaki
大串,9300,おおぐし,oogushi
久我,9300,くが,kuga
岩淵,9300,いわぶち,iwabuchi
阿南,9300,あなん,anan
立山,9300,たてやま,tateyama
伊賀,9300,いが,iga
奥井,9300,おくい,okui
内川,9300,うちかわ,uchikawa
竹野,9300,たけの,takeno
能勢,9300,のせ,nose
彦坂,9300,ひこさか,hikosaka
北條,9200,ほうじょう,houjixyou
引地,9200,ひきち,hikichi
田沼,9200,たぬま,tanuma
西嶋,9200,にしじま,nishijima
上川,9200,かみかわ,kamikawa
田仲,9200,たなか,tanaka
室田,9200,むろた,murota
奥平,9200,おくだいら,okudaira
峯岸,9200,みねぎし,minegishi
北本,9200,きたもと,kitamoto
小牧,9200,こまき,komaki
向後,9200,こうご,kougo
田部,9200,たべ,tabe
曾根,9200,そね,sone
荒巻,9100,あらまき,aramaki
押田,9100,おしだ,oshida
神林,9100,かんばやし,kanbayashi
柚木,9100,ゆぎ,yugi
榎,9100,えのき,enoki
平澤,9100,ひらさわ,hirasawa
津島,9100,つしま,tsushima
朝比奈,9100,あさひな,asahina
杉森,9100,すぎもり,sugimori
小早川,9100,こばやかわ,kobayakawa
赤川,9100,あかがわ,akagawa
瓜生,9000,うりう,uriu
椎葉,9000,しいば,shiiba
山名,9000,やまな,yamana
岩尾,9000,いわお,iwao
浦山,9000,うらやま,urayama
迫,9000,はさま,hasama
芦沢,9000,あしざわ,ashizawa
諸橋,9000,もろはし,morohashi
石谷,9000,いしたに,ishitani
駒田,9000,こまだ,komada
安保,9000,あんぽ,anpo
牛田,9000,うしだ,ushida
三澤,8900,みさわ,misawa
北井,8900,きたい,kitai
吉住,8900,よしずみ,yoshizumi
金光,8900,かねみつ,kanemitsu
守谷,8900,もりや,moriya
飯山,8900,いいやま,iiyama
信田,8900,しのだ,shinoda
日吉,8900,ひよし,hiyoshi
国本,8900,こくほん,kokuhon
柏,8900,かしわ,kashiwa
谷中,8900,やなか,yanaka
前沢,8900,まえざわ,maezawa
寺門,8900,じもん,jimon
宮井,8900,みやい,miyai
栗栖,8900,くるす,kurusu
新野,8900,にいの,niino
桜木,8900,さくらぎ,sakuragi
櫛田,8900,くしだ,kushida
宇井,8900,うい,ui
梶本,8800,かじもと,kajimoto
真島,8800,まじま,majima
田部井,8800,たべい,tabei
津川,8800,つがわ,tsugawa
助川,8800,すけがわ,sukegawa
木場,8800,きば,kiba
李,8800,り,ri
原野,8800,げんや,genya
向,8800,むかい,mukai
柳谷,8800,やなぎや,yanagiya
漆原,8800,うるしばら,urushibara
桑名,8800,くわな,kuwana
仲川,8800,なかがわ,nakagawa
城田,8800,しろた,shirota
菱田,8800,ひしだ,hishida
中条,8800,なかじょう,nakajou
新海,8800,しんかい,shinkai
門間,8700,もんま,monma
仲本,8700,なかもと,nakamoto
仲間,8700,なかま,nakama
宇佐見,8700,うさみ,usami
宇津木,8700,うつぎ,utsugi
樋渡,8700,ひわたり,hiwatari
熊木,8700,くまき,kumaki
清川,8700,きよかわ,kiyokawa
杉,8700,すぎ,sugi
谷崎,8700,たにざき,tanizaki
阪上,8700,さかがみ,sakagami
内堀,8700,うちぼり,uchibori
田宮,8700,たみや,tamiya
中辻,8700,なかつじ,nakatsuji
谷野,8700,たにの,tanino
陶山,8700,すやま,suyama
橋場,8600,はしば,hashiba
安野,8600,やすの,yasuno
亀岡,8600,かめおか,kameoka
横沢,8600,よこざわ,yokozawa
堀之内,8600,ほりのうち,horinouchi
白浜,8600,しらはま,shirahama
冨岡,8600,とみおか,tomioka
青井,8600,あおい,aoi
山之内,8600,やまのうち,yamanouchi
中上,8600,なかがみ,nakagami
今枝,8600,いまえだ,imaeda
米本,8600,よねもと,yonemoto
峰,8600,みね,mine
今津,8600,いまつ,imatsu
二木,8600,にき,niki
坂内,8600,さかうち,sakauchi
綿引,8600,わたびき,watabiki
木野,8600,きの,kino
勝俣,8600,かつまた,katsumata
平出,8600,ひらいで,hiraide
高安,8600,たかやす,takayasu
荒田,8500,あらた,arata
植竹,8500,うえたけ,uetake
沢野,8500,さわの,sawano
蓮見,8500,はすみ,hasumi
小谷野,8500,こやの,koyano
川俣,8500,かわまた,kawamata
澤,8500,さわ,sawa
藤永,8500,ふじなが,fujinaga
大町,8500,おおまち,oomachi
泉田,8500,いずみだ,izumida
深野,8500,ふかの,fukano
山越,8500,やまごえ,yamagoe
堀本,8500,ほりもと,horimoto
仁平,8500,にひら,nihira
中津,8500,なかつ,nakatsu
布川,8500,ふかわ,fukawa
中畑,8500,なかはた,nakahata
山辺,8500,やまべ,yamabe
中居,8500,なかい,nakai
粟野,8500,あわの,awano
大隅,8500,おおすみ,oosumi
勝部,8500,かつべ,katsube
権田,8500,ごんだ,gonda
森内,8400,もりない,morinai
広井,8400,ひろい,hiroi
船田,8400,ふなだ,funada
大出,8400,おおいで,ooide
北澤,8400,きたざわ,kitazawa
木幡,8400,きはた,kihata
喜田,8400,きだ,kida
東谷,8400,ひがしだに,higashidani
宮口,8400,みやぐち,miyaguchi
涌井,8400,わくい,wakui
東郷,8400,とうごう,tougou
松平,8400,まつだいら,matsudaira
東条,8400,とうじょう,toujixyou
市野,8400,いちの,ichino
鈴村,8400,すずむら,suzumura
水落,8300,みずおち,mizuochi
高浜,8300,たかはま,takahama
奥本,8300,おくもと,okumoto
千原,8300,ちはら,chihara
水村,8300,みずむら,mizumura
比留間,8300,ひるま,hiruma
加地,8300,かち,kachi
田頭,8300,たがしら,tagashira
武本,8300,たけもと,takemoto
津野,8300,つの,tsuno
中條,8300,ちゅうじょう,chuujixyou
柳下,8300,やなぎした,yanagishita
坂部,8300,さかべ,sakabe
向田,8200,むこうだ,mukouda
小貫,8200,おぬき,onuki
茅野,8200,ちの,chino
稲見,8200,いなみ,inami
川岸,8200,かわぎし,kawagishi
肥後,8200,ひご,higo
千野,8200,ちの,chino
大東,8200,だいとう,daitou
澤井,8200,さわい,sawai
仁木,8200,にき,niki
宮,8200,みや,miya
竹森,8200,たけもり,takemori
牛山,8200,うしやま,ushiyama
肥田,8200,ひた,hita
羽田野,8200,はたの,hatano
真木,8200,まき,maki
岡元,8100,おかもと,okamoto
笹山,8100,ささやま,sasayama
佐々,8100,ささ,sasa
井内,8100,いうち,iuchi
大窪,8100,おおくぼ,ookubo
増本,8100,ますもと,masumoto
古本,8100,ふるほん,furuhon
古木,8100,こぼく,koboku
新堀,8100,しんぼり,shinbori
兼田,8100,かねだ,kaneda
松宮,8100,まつみや,matsumiya
三田村,8100,みたむら,mitamura
斎木,8100,さいき,saiki
臼田,8100,うすだ,usuda
市田,8100,いちだ,ichida
道下,8100,どうか,douka
魚住,8100,うおずみ,uozumi
南野,8100,みなみの,minamino
大藤,8100,おおふじ,oofuji
蜂谷,8100,はちたに,hachitani
舘,8100,やかた,yakata
荒,8000,あれ,are
牛尾,8000,うしお,ushio
柿原,8000,かきはら,kakihara
白水,8000,しろみず,shiromizu
赤星,8000,あかぼし,akaboshi
折田,8000,おりた,orita
峰岸,8000,みねぎし,minegishi
甲田,8000,こうた,kouta
三野,8000,みの,mino
丸谷,8000,まるや,maruya
森元,8000,もりもと,morimoto
大畠,8000,おおはた,oohata
倉島,8000,くらしま,kurashima
永原,8000,ながはら,nagahara
前,8000,まえ,mae
浜村,8000,はまむら,hamamura
仲谷,8000,なかや,nakaya
本木,8000,もとき,motoki
仲井,8000,なかい,nakai
柳生,8000,やぎゅう,yagyuu
谷沢,8000,やざわ,yazawa
藤城,8000,ふじしろ,fujishiro
加来,7900,かく,kaku
諸星,7900,もろぼし,moroboshi
野地,7900,のじ,noji
花房,7900,はなぶさ,hanabusa
荒牧,7900,あらまき,aramaki
桐原,7900,きりはら,kirihara
深町,7900,ふかまち,fukamachi
金崎,7900,かなさき,kanasaki
鵜沢,7900,うざわ,uzawa
沖本,7900,おきもと,okimoto
中屋,7900,なかや,nakaya
坂倉,7900,さかくら,sakakura
豊岡,7900,とよおか,toyooka
木口,7900,きぐち,kiguchi
井藤,7900,いふじ,ifuji
大黒,7900,だいこく,daikoku
岩川,7900,いわかわ,iwakawa
大池,7900,おおいけ,ooike
山森,7900,やまもり,yamamori
寺村,7900,てらむら,teramura
平沼,7900,ひらぬま,hiranuma
武村,7900,たけむら,takemura
高,7900,こう,kou
丹下,7900,たんげ,tange
権藤,7800,ごんどう,gondou
吉山,7800,よしやま,yoshiyama
吉富,7800,よしとみ,yoshitomi
宮木,7800,みやき,miyaki
与那嶺,7800,よなみね,yonamine
今関,7800,いまぜき,imazeki
新開,7800,しんかい,shinkai
藤尾,7800,ふじお,fujio
徳丸,7800,とくまる,tokumaru
三森,7800,みつもり,mitsumori
寺川,7800,てらかわ,terakawa
河端,7800,かわばた,kawabata
小野沢,7800,おのざわ,onozawa
小滝,7800,こたき,kotaki
白崎,7800,しらさき,shirasaki
和気,7800,わき,waki
水沢,7800,すいたく,suitaku
吉元,7800,よしもと,yoshimoto
板東,7800,ばんどう,bandou
冨山,7800,とみやま,tomiyama
武市,7800,たけち,takechi
清宮,7800,きよみや,kiyomiya
新家,7800,しんけ,shinke
安武,7700,やすたけ,yasutake
仲里,7700,なかざと,nakazato
谷津,7700,やつ,yatsu
江村,7700,こうそん,kouson
西内,7700,にしうち,nishiuchi
茨木,7700,いばらき,ibaraki
春木,7700,はるき,haruki
大家,7700,たいか,taika
三嶋,7700,みしま,mishima
福崎,7700,ふくさき,fukusaki
安村,7700,やすむら,yasumura
嵯峨,7700,さが,saga
佐古,7700,さこ,sako
脇本,7700,わきもと,wakimoto