あい,ai,亜以,亜伊,亜位,亜依,亜委,亜惟,亜維,亜緯,亜衣,亜井,亜言,亜生,亜妃,亜比,亜姫,亜巳,亜唯,阿以,阿伊,阿依,愛,愛以,愛依,愛惟,愛維,愛衣,愛井,愛郁,愛華,愛彩,愛生,愛乃,愛姫,愛唯,逢,逢衣,葵,茜依,安以,安依,安威,安惟,安衣,安斐,杏依,杏維,杏衣,英,会依,絵衣,彩依,彩惟,彩衣,相,相衣,歩依,歩惟,歩唯,麻衣,明生,有以,藍,藍衣,和,亞以,曖,曖似
あいか,aika,亜依架,亜衣佳,亜衣加,亜衣花,亜衣霞,亜衣香,愛佳,愛加,愛可,愛嘉,愛夏,愛果,愛架,愛歌,愛河,愛花,愛華,愛霞,愛賀,愛雅,愛桂,愛堅,愛香,愛鹿,愛秋,愛日,愛翔,葵香,鮎華,合香,秋華,秋香,秋鹿,藍佳,藍加,藍夏,藍果,藍歌,藍花,藍華,藍海,藍香,和夏,和香,和生佳
あいこ,aiko,亜以子,亜伊子,亜位子,亜依子,亜囲子,亜委子,亜意子,亜為子,亜維子,亜衣子,亜育子,亜子,亜生子,阿以子,阿委子,阿維子,阿衣子,愛依子,愛衣子,愛湖,愛香,愛子,葵子,綾衣子,綾似子,安以子,安伊子,安衣子,安井子,按比子,会衣子,会子,絵子,合位子,合子,慈子,朱衣子,想子,相子,文以子,麻依子,麻衣子,明位子,明維子,明居子,明生子,憂子,有伊子,有衣子,藍子,露草子,和子,亞衣子,藹子,靄子
あいの,aino,愛乃,間乃
あいり,airi,亜以里,亜伊梨,亜依里,亜依莉,亜衣理,亜衣璃,亜衣里,亜衣莉,愛衣莉,愛浬,愛鯉,愛似里,愛哩,愛利,愛吏,愛李,愛梨,愛理,愛璃,愛里,愛琳,愛鈴,愛麗,愛莉,安伊里,安依里,安衣里,杏衣里,雅衣里,光衣理,彩衣里,相里,有惟理,有衣梨,有里,藍利,藍梨,藍理,藍璃,藍里,藍莉
あかね,akane,亜何音,亜佳音,亜佳根,亜佳子,亜佳峰,亜佳弥,亜加音,亜加根,亜加子,亜可音,亜可根,亜嘉子,亜果音,亜花音,亜華音,亜華根,亜華子,亜光,亜香音,亜香根,亜香子,亜周,亜鐘,愛茜,愛花音,愛鐘,茜,茜衣,茜音,茜恵,茜子,茜草,安佳音,安佳根,安香音,暁音,暁子,暁鐘,光音,紅,紅音,紅根,紅姉,紅子,彩音,彩錦,朱,朱宇,朱音,朱嘉峰,朱夏音,朱雅子,朱香音,朱根,朱子,朱苗,朱峰,珠子,珠女,秋音,丹音,緋音,麻華音,明音,明佳音,明加根,明夏音,明花音,明香音,明香峰,明子,明鐘,明弥,有香音,藍香根,和詠
あかり,akari,亜佳利,亜佳李,亜佳理,亜佳里,亜佳涼,亜佳莉,亜加利,亜加吏,亜加梨,亜加理,亜加里,亜加莉,亜可理,亜夏利,亜科理,亜花梨,亜花理,亜花里,亜華利,亜華理,亜華里,亜雁,亜香衣,亜香利,亜香理,亜香璃,亜香里,亜香莉,阿佳里,阿加里,阿華理,阿香里,愛佳理,愛花里,愛香理,愛美,葵化合,茜梨,茜里,安佳里,安佳莉,安加里,安花利,安華里,安賀里,安香理,安香里,杏果,杏果梨,華利,暁理,暁里,暁莉,光,紅,紅里,彩,彩佳理,彩里,朱,朱花梨,朱織,朱利,朱李,朱梨,朱理,朱璃,朱里,朱鈴,朱莉,珠里,星,暖里,朝日里,灯,灯里,燈,緋里,麻香里,明,明佳里,明加理,明果梨,明花里,明香利,明香理,明香里,明日理,明日里,明陽,明利,明李,明梨,明理,明里,明莉,有加利,有加里,祐佳里,曜,陽,利香
あき,aki,亜葵,亜杏,亜企,亜喜,亜基,亜岐,亜希,亜机,亜旗,亜祈,亜季,亜稀,亜紀,亜規,亜記,亜貴,亜起,亜輝,亜丘,亜琴,亜芸,亜絹,亜己,亜哉,亜埼,亜支,亜樹,亜章,亜城,亜生,亜妃,亜姫,亜木,亜来,阿喜,阿希,阿季,阿紀,阿貴,阿甲,阿木,阿来,愛喜,愛希,愛祈,愛季,愛稀,愛紀,愛規,愛記,愛貴,愛起,愛樹,愛生,愛姫,愛木,愛来,葵紀,茜季,絢乙,綾希,綾紀,安喜,安基,安岐,安希,安幾,安季,安紀,安規,安記,安貴,安起,安輝,安騎,安芸,安樹,安生,安妃,安姫,安藝,杏祈,杏季,杏紀,杏京,杏樹,杏妃,映,瑛,瑛希,英,英希,温紀,華,雅喜,雅紀,暁,暁紀,暁生,慧,顕,吾季,光,光希,光紀,昂,晃,晃希,晃貴,晃輝,彩,彩葵,彩希,彩季,彩紀,彩起,彩更,彩生,朱,朱希,朱季,朱紀,朱記,朱貴,秀映,秋,淳,彰,彰記,昌,昌紀,昭,昭希,晶,晶紀,晶貴,晶姫,照,祥,章,章岐,章希,章起,章子,紹,精,青皇,相紀,聡,丹,朝輝,天紀,天貴,天樹,日貴,彬,蕗稀,文希,碧紀,歩希,歩樹,麻希,麻紀,明,明喜,明岐,明希,明季,明紀,明記,明貴,明起,明珠,明樹,明生,明姫,紋,紋季,唯希,有喜,有岐,有希,有稀,有紀,有貴,陽,理恵,璃,亮希,諒,玲,玲妃,礼,麗,亞希,亞祈,亞紀,亞樹,曉,滉,皓,聰
あきこ,akiko,亜葵子,亜企子,亜喜子,亜基子,亜岐子,亜希子,亜希姫,亜幾子,亜祈子,亜季子,亜稀子,亜紀古,亜紀子,亜規子,亜記子,亜貴子,亜起子,亜輝香,亜輝子,亜丘子,亜暁子,亜芸子,亜月子,亜己子,亜公子,亜子,亜枝子,亜樹子,亜淑子,亜昭子,亜城子,亜生子,亜聖子,亜妃子,亜姫子,亜木子,亜来子,亜綺子,阿葵子,阿喜子,阿希子,阿季子,阿紀子,阿規子,阿貴子,阿起子,阿輝子,阿樹子,阿木子,愛喜子,愛希子,愛祈子,愛季子,愛紀子,愛記子,愛貴子,愛輝子,愛香子,愛子,愛樹子,愛姫子,葵季子,葵樹子,茜季子,茜城子,旭子,絢子,綾希子,綾紀子,綾起子,綾技子,綾樹子,安喜子,安基子,安岐子,安希子,安祈子,安季子,安紀子,安規子,安記子,安貴子,安起子,安輝子,安久子,安芸子,安公子,安樹子,安妃子,安气子,杏希子,杏季子,杏紀子,杏生子,杏妃子,杏萌子,杏來子,映子,瑛子,英芸子,央希子,央子,旺子,果子,華子,雅喜子,雅紀子,会紀子,会欣子,快子,覚子,学子,監子,鑑子,関岡,紀子,輝呼,輝子,亨子,享子,鏡子,尭子,暁希子,暁湖,暁子,啓子,慧子,掲子,敬子,景子,芸子,月,研子,謙子,顕子,吾希子,吾妃子,光子,光明子,公子,孔子,昂子,晃規子,晃貴子,晃呼,晃弘,晃子,晃樹子,紅子,合気子,彩貴子,彩輝子,彩子,在規子,在子,察子,爾子,朱希子,朱紀子,朱輝子,朱子,秋子,充樹子,淑子,淳子,曙子,唱子,彰希子,彰子,招子,昇子,昌希子,昌子,昭基子,昭子,晶希子,晶紀子,晶孔,晶子,照子,省子,祥子,章起子,章己子,章子,紹子,証子,詔子,上紀子,穣子,審子,晋子,成子,生喜子,聖子,西子,誠子,説子,宣子,全子,聡香,聡子,辰彰,丹香子,丹子,旦子,淡希子,知子,智子,著子,暢子,朝希子,朝樹子,聴子,勅子,的子,哲紀子,哲子,徹子,東子,瞳子,敦紀子,日華子,日子,日來子,白鵠,媛子,彬子,文子,朋子,麻希子,麻記子,稔子,明喜子,明基子,明岐子,明希子,明季子,明紀子,明記子,明貴子,明起子,明輝子,明吉子,明子,明珠子,明樹子,明生子,明姫,明来子,盟子,唯貴子,有葵子,有希子,有季子,有紀子,有記子,有貴子,有輝子,有吉子,有公子,有樹子,有妃子,有明子,揚子,曜子,曜木子,陽子,利麿,了子,亮子,諒子,玲子,礼子,朗子,和希子,亞希子,亞紀子,亞記子,亞起子,亞久子,亞妃子,彭子,晏規子,晄貴子,曉子,楸子,煌子,璋子,皓子,聰子
あきな,akina,亜希菜,亜希奈,亜希那,亜季菜,亜季奈,亜紀菜,亜紀奈,亜貴菜,亜貴奈,亜樹菜,亜樹奈,亜姫奈,阿希奈,愛希永,愛季菜,愛菜,愛奈,愛和,安乙奈,安希奈,安紀奈,杏奈,右奈,映奈,瑛菜,瑛奈,央菜,暁菜,暁奈,啓那,晃菜,晃奈,晃那,朱希奈,朱那,秋菜,秋奈,秋那,昌奈,昭菜,昭奈,晶菜,晶奈,晶那,照奈,章菜,章奈,紹奈,信菜,聖菜,爽奈,聡菜,聡那,明夏,明希菜,明紀奈,明菜,明奈,明那,明南,有希奈,陽菜,陽成,陽奈,陽那,璃奈,玲奈,朗奈
あきの,akino,亜葵乃,亜希乃,亜季乃,亜紀乃,亜紀野,亜貴乃,亜樹乃,亜生乃,亜姫乃,愛乃,愛姫乃,綾希乃,安希乃,映乃,瑛乃,華乃,紀乃,暁乃,暁野,吾城野,光乃,晃乃,晃野,朱希,秋絹乃,秋乃,秋野,彰乃,彰野,昭乃,晶乃,晶野,章乃,信乃,聡乃,旦乃,哲野,日野,彬乃,明希乃,明季乃,明乃,明野,陽乃,亮乃,玲那,礼乃
あきほ,akiho,亜喜穂,亜希帆,亜希保,亜希穂,亜紀帆,亜紀歩,亜紀穂,亜貴穂,亜樹歩,愛希穂,安希歩,安貴帆,瑛穂,暁帆,暁保,暁歩,暁穂,晃帆,晃保,晃穂,彩帆,実穂,珠穂,秋帆,秋保,秋穂,秋穗,彰穂,昌穂,昭穂,昭穗,晶帆,晶保,晶穂,審穂,爽帆,白帆,文穂,歩実,穂歩,明希帆,明歩,明穂,紋穂,有希穂,玲歩,玲穂,朗帆,晄穂
あきよ,akiyo,亜喜代,亜希世,亜希代,亜季世,亜季代,亜紀依,亜紀世,亜紀代,亜貴世,亜貴代,愛希代,愛貴代,愛貴与,愛世,愛代,旭世,旭代,絢聖,安希代,安紀代,安貴代,安起世,映代,映葉,瑛依,瑛世,瑛代,旺世,覚世,尭代,暁世,暁代,暁与,啓代,景代,顕代,現代,光代,晃世,晃代,晃余,晃与,晃誉,彩代,朱希代,朱世,朱代,秋希世,秋興,秋世,秋生,秋代,淳代,彰世,彰代,招世,招代,昌世,昌代,昭希代,昭記代,昭世,昭代,昭予,昭蓉,晶世,晶生,晶代,晶予,晶与,祥代,章世,章代,章予,章余,章与,章誉,詔代,詳代,成代,誠代,創代,聡代,聡与,聡誉,知世,哲代,日余,美怜,彬世,彬代,明紀代,明淑,明世,明生,明代,明由,明与,明葉,明良,盟代,紋代,有希代,曜代,陽世,陽代,亮世,亮代,玲昌,玲代,玲湧,玲余,礼代,朗世,朗代,旻世,暉了
あくあ,akua,天空海,空愛
いすず,isuzu,伊玲,伊鈴,偉鈴,威鈴,五十鈴,五鈴
いずみ,izumi,以珠美,以津美,以豆美,伊朱美,伊珠美,伊寿実,伊寿美,伊寿未,伊純,伊図美,伊水観,伊澄,伊津美,伊都美,伊豆海,伊豆実,伊豆美,依寿美,依純,依澄,威美,意純,衣寿美,衣純,衣澄,衣泉,衣津美,井澄,一澄,一清,厳美,湖美,五十美,五美,出美,笑純,瑞美,清泉,泉,泉見,泉子,泉実,泉水,泉澄,泉美,泉未,泉巳,泉優,和寿美,和泉,湶
いぶき,ibuki,惟吹,維風紀,芽生,薫季,萌
うらら,urara,宇良良,羽良々,麗,麗未,麗良
うらん,uran,宇蘭,羽蘭,卯蘭,生蘭,美蘭,佑藍,有蘭,侑蘭
えいこ,eiko,依以子,衣井子,営子,映衣子,映子,栄依子,栄委子,栄衣子,栄子,栄比子,永以子,永依子,永子,泳子,瑛子,頴子,英以子,英依子,英維子,英衣子,英郁子,英恵子,英子,英淑,英日子,英里子,英倭子,衛子,詠子,鋭子,延子,央子,絵以子,絵依子,絵意子,絵衣子,絵一子,絵子,啓子,恵以子,恵伊子,恵依子,恵偉子,恵委子,恵威子,恵緯子,恵衣子,恵井子,恵子,恵似子,江以子,江伊子,江位子,江依子,江衣子,桜子,枝維子,得衣子,惠以子,惠位子,惠威子,暎子,曖比子,榮子
えつこ,etsuko,依津子,衣月子,衣津子,栄司子,栄津子,栄都子,永津子,永通子,永都子,泳津子,瑛侃子,英月子,英津子,英都子,詠津子,鋭子,益土子,悦子,悦津子,謁子,越子,越都子,越虹,閲子,会津子,絵津子,絵都子,絵律子,恵津子,恵通子,恵都子,恵律子,工津子,江津子,江都子,江律子,枝司子,枝津子,枝都子,税子,説子,得津子,律子,凛子,惠津子,榮津子
えな,ena,愛菜,愛奈,愛波,愛梛,依奈,依那,衣生,衣奈,衣那,映奈,映那,映南,栄奈,永奈,瑛菜,英菜,英奈,詠奈,悦奈,画奈,絵菜,絵奈,絵那,絵名,恵菜,恵奈,恵那,恵名,恵和,慧娜,江奈,枝菜,枝奈,得奈
えま,ema,愛麻,英真,絵真,絵麻,絵満,恵磨,恵麻,恵満,江真,江摩,江麻,惠麻,惠万
えみ,emi,亜実,亜美,愛海,愛見,愛実,愛珠,愛水,愛生,愛美,愛望,愛未,愛弥,依見,依身,依生,依美,依未,依弥,衣海,衣見,衣実,衣美,衣未,映海,映見,映実,映水,映都,映美,映未,栄見,栄実,栄美,栄未,永愛,永見,永実,永水,永美,永味,永弥,泳見,洩海,瑛実,瑛笑,瑛美,瑛未,英見,英実,英水,英泉,英美,英未,英巳,衛美,詠実,詠汀,詠美,詠未,悦美,悦妙,越美,円実,円美,宴美,延美,画美,会己,会生,会美,絵海,絵弓,絵見,絵己,絵光,絵三,絵史,絵実,絵心,絵深,絵真,絵水,絵美,絵文,絵満,絵未,絵魅,絵巳,絵弥,穫美,恵愛,恵郁,恵果,恵海,恵規,恵弓,恵巨,恵見,恵己,恵光,恵三,恵実,恵珠,恵充,恵深,恵水,恵生,恵聖,恵美,恵望,恵満,恵味,恵未,恵魅,恵巳,恵民,恵弥,恵良,慧海,慧実,慧美,江見,江視,江実,江珠,江水,江美,江未,江妙,江明,彩美,咲,枝見,枝実,枝美,枝未,枝巳,笑,笑見,笑実,笑美,笑望,笑未,笑巳,乃美,微笑,美映,美紀,美恵,桧美,苗実,苗美,咏美,惠三,惠実,惠美,惠未,暎美,榮美
えみり,emiri,愛深里,愛美里,愛美莉,衣実璃,衣未令,衣里,映美里,映未里,栄美理,永未里,瑛美里,瑛美莉,英美利,英美理,英美里,詠未利,会美里,絵見理,絵実里,絵美利,絵美梨,絵美理,絵美里,絵美莉,絵未利,絵未理,絵未里,恵実梨,恵実里,恵美利,恵美吏,恵美梨,恵美理,恵美璃,恵美里,恵里,江美合,江美利,江美里,枝美里,笑美理,笑理,笑里
えり,eri,愛利,愛梨,愛理,愛璃,愛里,愛鈴,愛麗,愛莉,依利,依李,依梨,依理,依里,依莉,衣利,衣李,衣梨,衣理,衣里,衣厘,衣麗,衣莉,允理,映利,映吏,映李,映梨,映理,映里,映玲,映莉,栄利,栄梨,栄理,栄里,永季,永聖,永利,永吏,永梨,永理,永里,永倫,永莉,瑛梨,瑛理,瑛里,瑛麗,瑛莉,英依,英利,英吏,英李,英梨,英理,英璃,英里,英倫,英鈴,英莉,衛里,詠梨,詠理,詠里,詠莉,悦理,悦里,円理,円里,延梨,画里,会梨,会理,会里,会莉,海燕,海里,絵鯉,絵利,絵吏,絵李,絵梨,絵理,絵璃,絵里,絵厘,絵鈴,絵麗,絵莉,衿,圭里,恵悦,恵季,恵合,恵利,恵吏,恵李,恵梨,恵理,恵璃,恵里,恵令,恵莉,慧李,慧梨,慧理,慧里,慧莉,芸里,江季,江利,江吏,江李,江梨,江理,江璃,江里,江倫,江麗,江莉,枝利,枝李,枝理,枝里,枝令,枝莉,重里,笑李,笑梨,笑理,笑里,笑莉,巴理,巴里,苗莉,柄利,萌理,萌里,誉理,惠利,惠吏,惠梨,惠理,惠里,惠莉
えりか,erika,愛梨佳,愛梨花,愛理可,愛理香,愛里花,愛里香,愛莉香,依佳,依加,依可,依果,依利佳,依利香,依吏佳,依梨香,依里佳,依里花,依里香,依麗加,依莉花,衣利架,衣梨花,衣梨香,衣理佳,衣里佳,衣里加,衣里夏,衣里菓,衣里香,叡里賀,映季佳,映利佳,映利香,映李花,映理花,映理賀,映璃花,映里佳,映里加,映里夏,映里花,映里香,栄利加,栄利果,栄利花,栄利馨,栄利香,栄利芳,栄吏香,栄梨香,栄理加,栄理香,栄里佳,栄里花,栄里香,栄莉香,永利香,永梨佳,永理佳,永理香,永里佳,永里加,永里賀,永里香,永莉香,瑛利佳,瑛利加,瑛李花,瑛梨花,瑛理佳,瑛理香,瑛璃香,瑛里佳,瑛里加,瑛里花,瑛里香,瑛莉華,瑛莉香,英利佳,英利加,英利華,英利香,英李佳,英李花,英梨佳,英梨果,英梨花,英梨華,英梨香,英理佳,英理加,英理夏,英理華,英理賀,英理香,英里佳,英里加,英里果,英里華,英里香,英莉加,英莉香,衛理歌,詠梨華,詠梨香,詠里加,詠里香,会里加,会令加,絵季佳,絵利佳,絵利加,絵利果,絵利架,絵利華,絵利香,絵吏佳,絵吏圭,絵吏香,絵李佳,絵李果,絵梨佳,絵梨加,絵梨嘉,絵梨夏,絵梨果,絵梨花,絵梨華,絵梨香,絵理佳,絵理加,絵理夏,絵理果,絵理歌,絵理花,絵理華,絵理香,絵璃加,絵璃華,絵里佳,絵里加,絵里可,絵里夏,絵里架,絵里花,絵里華,絵里香,絵里朱,絵莉佳,絵莉果,絵莉花,絵莉華,絵莉香,絵莉代,衿佳,衿加,衿夏,衿歌,衿花,衿華,衿賀,衿樺,襟佳,襟加,襟華,襟香,恵香,恵利佳,恵利加,恵利可,恵利果,恵利歌,恵利花,恵利華,恵利賀,恵利香,恵吏佳,恵吏香,恵李華,恵李香,恵梨佳,恵梨可,恵梨果,恵梨花,恵梨華,恵梨香,恵理郁,恵理佳,恵理加,恵理嘉,恵理夏,恵理果,恵理花,恵理華,恵理薫,恵理兼,恵理香,恵璃香,恵里伽,恵里佳,恵里加,恵里可,恵里夏,恵里果,恵里歌,恵里花,恵里茄,恵里華,恵里芽,恵里香,恵律香,恵麗佳,恵莉佳,恵莉加,恵莉花,恵莉華,恵莉桂,恵莉香,慧利加,慧利香,慧理香,慧莉香,江利佳,江利加,江利花,江利華,江利香,江梨佳,江梨加,江梨可,江梨夏,江梨花,江梨華,江梨圭,江梨香,江理佳,江理華,江理香,江璃香,江里佳,江里加,江里夏,江里花,江里華,江里香,江莉佳,江莉花,江莉香,枝利花,枝利香,枝梨佳,枝梨加,枝梨花,枝梨香,枝理佳,枝理加,枝理香,枝里佳,枝里果,枝里花,枝里華,枝里桂,枝里香,紗耶香,重里香,笑理華,笑里嘉,笑里香,巴梨香,惠李香,惠理香,惠里加,惠莉花
えりこ,eriko,亜梨子,愛梨子,愛理子,愛里子,愛立子,愛莉子,依織子,依利子,依李子,依梨子,依理子,依里子,依莉子,衣利子,衣吏子,衣李子,衣理子,衣璃子,衣里子,衣倫子,影里子,映利子,映吏子,映李子,映梨子,映理子,映里子,映立子,映莉子,栄利子,栄吏子,栄梨子,栄理子,栄里子,栄倫子,永利子,永吏子,永李子,永理子,永里子,永倫子,永莉子,瑛利子,瑛梨子,瑛理子,瑛里子,瑛莉子,英姫子,英利子,英吏子,英梨子,英理子,英璃子,英里子,英倫子,英玲子,英莉子,衛理子,詠利子,詠吏子,詠理子,詠里子,悦利子,悦梨子,悦理子,円理子,円林子,園利子,縁里子,会利子,会理子,会里子,懐理子,絵利子,絵吏子,絵李子,絵梨子,絵理子,絵里子,絵律子,絵厘子,絵莉子,衿子,襟子,恵利子,恵吏子,恵李子,恵梨子,恵理子,恵里子,恵律子,恵立子,恵倫子,恵厘子,恵林子,恵莉子,慧理子,慧里子,江利子,江吏子,江梨子,江理子,江璃子,江里子,江離子,江厘子,江令子,江玲子,江莉子,枝利子,枝吏子,枝梨琴,枝梨子,枝理子,枝里子,枝莉子,重理子,笑理子,笑里子,条怜子,選子,得利子,徳利子,乃里子,伯立子,領子,惠利子,惠理子,惠里子,惠倫子,惠厘子,榮里子,繪梨子
えりな,erina,愛梨奈,愛理奈,愛里菜,愛里奈,依利奈,依梨菜,依梨名,依理菜,依理奈,依里奈,衣梨菜,衣梨奈,衣里奈,衣里梨,映理奈,映里奈,栄梨奈,栄理奈,栄里奈,栄里苗,栄莉名,永愛成,永史奈,永吏菜,永吏奈,永梨奈,永理菜,永理奈,永里奈,永里名,瑛梨奈,瑛理奈,瑛里奈,瑛倫奈,瑛令奈,瑛莉菜,瑛莉奈,英利奈,英利納,英梨菜,英梨奈,英理菜,英理奈,英璃奈,英里菜,英里奈,英里名,英律奈,英莉奈,英莉那,詠里那,悦利奈,悦里菜,絵利菜,絵利奈,絵吏菜,絵李奈,絵梨菜,絵梨奈,絵梨名,絵理菜,絵理奈,絵璃菜,絵里菜,絵里奈,絵里那,絵里南,絵莉菜,絵莉奈,絵莉那,絵莉南,衿菜,衿奈,衿名,襟奈,恵利菜,恵利奈,恵利那,恵利名,恵吏奈,恵吏名,恵梨菜,恵梨奈,恵梨那,恵理菜,恵理奈,恵理名,恵璃奈,恵里菜,恵里樹,恵里奈,恵里那,恵里名,恵莉菜,恵莉奈,慧莉奈,江利菜,江利奈,江李菜,江梨奈,江理奈,江理名,江里菜,江里奈,江厘奈,江莉奈,枝利奈,枝里奈,枝莉菜,笑利奈,惠理奈
えれな,erena,栄玲奈,英玲奈,英玲南,英麗菜,詠麗奈,絵令奈,絵怜菜,絵玲奈,絵礼奈,絵麗奈,恵令奈,恵玲奈,恵礼奈,江玲奈,江礼奈
えれん,eren,恵恋,惠連
おとは,otoha,乙芭,乙葉,音羽,音葉
かいり,kairi,海里
かおり,kaori,郁,郁織,郁理,郁里,伽織,伽折,佳浦里,佳於里,佳央利,佳央梨,佳央理,佳央里,佳央莉,佳往里,佳応里,佳乙里,佳音里,佳居,佳薫,佳桜里,佳桜麟,佳緒,佳緒利,佳緒梨,佳緒理,佳緒里,佳小里,佳織,佳織理,佳織里,佳生梨,佳生理,佳生里,佳折,佳多里,佳帆梨,佳帆里,佳保利,佳保里,佳穂利,佳穂吏,佳穂理,佳穂里,佳峰利,佳芳里,佳麻理,佳麻里,佳里,加央利,加央理,加央里,加緒利,加緒理,加緒里,加小里,加織,加生里,加保里,加穂里,加麻利,加理,加良理,可於梨,可央梨,可央理,可央里,可祈,可緒吏,可緒梨,可緒里,可織,可生里,可帆理,可帆里,可保梨,嘉緒理,嘉織,夏央里,夏緒梨,夏緒里,夏織,夏織里,夏水里,夏穂里,夏麻吏,果央理,果王里,果緒梨,果緒里,果織,架緒莉,架織,歌央里,歌王里,歌音里,歌緒梨,歌緒里,歌小里,歌織,歌織里,歌生里,花央理,花央里,花往里,花王梨,花乙里,花恩理,花桜里,花緒梨,花緒理,花緒里,花織,花織里,花多梨,花尾里,花麻理,華央里,華王里,華音合,華可利,華桜理,華紗,華緒,華緒理,華緒里,華織,華生吏,華生里,華穂理,華穂里,華穂莉,華里,賀央里,賀織,賀生里,雅織里,馨,馨織,馨梨,馨理,馨莉,桑野,薫,薫恵,薫子,薫織,薫利,薫梨,薫理,薫里,袈央了,圭央里,圭恵利,圭士里,圭緒里,圭織,圭穂梨,圭穂理,桂織,香,香於理,香於里,香央利,香央李,香央梨,香央理,香央里,香央莉,香往里,香欧里,香王利,香王理,香王莉,香乙理,香花,香居,香居里,香合,香桜理,香桜里,香子,香識,香実,香秀,香順,香緒,香緒利,香緒李,香緒梨,香緒理,香緒里,香緒莉,香諸里,香小李,香小理,香小里,香織,香織梨,香織理,香織里,香生里,香折,香男里,香帆里,香尾里,香百合,香文,香保利,香保理,香保里,香歩理,香穂利,香穂理,香穂里,香穂莉,香朋里,香芳里,香麻里,香利,香吏,香李,香梨,香理,香璃,香里,香和里,香俐,香櫻里,香莉,鹿織,朱織,楓織,芳季,芳香,芳織,芳生,芳美,芳穂梨,芳吏,芳梨,芳理,芳里,蘭織,和緒里,和織
かおる,kaoru,郁,王香,佳居,佳緒,佳緒留,佳小留,佳織,佳生留,加居,加織,加保留,加穂留,夏織,夏生瑠,科織,歌織,花織,華央留,華緒留,華織,馨,薫,薫子,圭央,圭央流,香,香居,香淑,香緒留,香織,香水,香保瑠,香木,香流,香瑠,姿馨,芳,芳瑠,芳兒
かおるこ,kaoruko,馨子,薫子,香子,香木,芳子
かすみ,kasumi,何純,佳紀,佳好美,佳子美,佳寿実,佳寿美,佳住,佳淑,佳純,佳須美,佳澄,佳素美,佳佑美,加好美,加主巳,加寿美,加純,加須美,加澄,加壽美,可恭,可寿美,可住,可純,可須美,可澄,嘉珠美,嘉寿美,嘉純,夏純,夏翠美,夏澄,果住,果純,果澄,歌純,歌澄,河澄,花朱美,花寿美,花住,花純,花澄,華紀,華好,華寿,華寿実,華寿美,華純,華澄,霞,霞美,賀寿美,賀淑,賀澄,雅澄,馨守美,馨澄,圭純,圭澄,好美,香紀,香好,香朱美,香寿,香寿実,香寿美,香州美,香住,香純,香須美,香須弥,香澄,香清,香有,香了,香橙,朱純,春霞,春海,春望,飛墨,夢,霧,和純,和澄,翔純
かずえ,kazue,一衣,一栄,一永,一悦,一絵,一恵,一慧,一江,一枝,一重,一笑,一乃,一惠,一榮,壱絵,員永,員枝,胤恵,佳恵,佳江,佳司恵,佳主英,佳主恵,佳珠江,佳寿恵,佳寿江,佳寿枝,佳瑞重,佳津栄,佳津江,佳津枝,加珠恵,加寿絵,加寿恵,加寿江,加寿枝,加須恵,加津恵,加津江,加津枝,加都江,加都枝,加壽江,加壽惠,嘉寿江,嘉寸枝,嘉津江,嘉壽江,夏寿枝,花珠栄,華寿枝,賀寿恵,賀寿枝,賀津恵,賀津江,紀江,計恵,計江,計枝,憲衛,効恵,香季,香珠江,香寿絵,香寿恵,香寿枝,香津依,香津江,香津枝,香都枝,寿衣,寿栄,寿詠,寿恵,寿江,寿枝,寿得,仁恵,数絵,数恵,数江,数枝,千絵,千恵,千枝,多栄,多恵,日集枝,百絵,法映,万恵,万枝,万惠,容榮,利恵,良江,量枝,麗絵,和亜,和愛,和依,和衣,和映,和栄,和永,和泳,和英,和衛,和央,和画,和会,和絵,和恵,和江,和枝,和寿恵,和寿枝,和重,和生,和津恵,和苗,和惠
かずこ,kazuko,一子,壱子,員子,胤子,円子,佳月子,佳主子,佳珠子,佳受子,佳寿子,佳州子,佳住子,佳瑞子,佳崇子,佳素子,佳津子,佳鶴子,佳都子,佳祐子,佳律子,佳壽子,加朱子,加珠子,加寿子,加住子,加須子,加瑞子,加津子,加鶴子,加都子,加壽子,可主子,可寿子,嘉寿子,嘉瑞子,嘉津子,嘉鶴子,花珠子,花瑞子,華寿子,賀寿子,賀須子,賀崇子,賀津子,賀壽子,雅津子,馨津子,圭津子,香月子,香朱子,香珠子,香寿子,香州子,香須子,香瑞子,香津子,香都子,香壽子,策子,算子,師子,詩子,治子,主子,寿子,収子,宗子,数子,千子,聡子,多子,知子,日好子,芳珠子,万子,量子,和己,和湖,和香,和子,和寿子,和代子,壹子,壽子
かずさ,kazusa,委紗,一沙,一瑳,一砂,一彩,一冴,一紗,一抄,一総,壱佐,佳月才,佳寿沙,嘉瑞紗,馨津沙,紀咲,計沙,千沙,知紗,知里,麗砂,和佐,和左,和沙,和砂,和紗,和草
かずは,kazuha,一巴,一葉,一翔,賀津葉,春羽,初羽,万葉,和波,和葉
かずよ,kazuyo,一四,一世,一代,一予,一与,一容,一葉,員世,員代,員与,佳寿代,佳須代,佳津代,佳都世,佳律代,加寿佳,加寿代,加須代,加図予,加津代,可須世,嘉朱代,歌寿代,華寿代,賀寿代,雅寿誉,樺ズ代,圭朱代,圭寿代,圭代,計世,計代,香珠代,香寿代,香津代,寿世,寿代,宗世,数世,数代,多世,多代,知世,百代,芳寿与,枚代,万世,万代,万予,万葉,料代,量代,麗代,和世,和代,和予,和余,和与,和容,和葉,和陽,和良,壽世
かづき,kazuki,佳月,佳津希,加月,加津紀,嘉月,夏月,果月,花月,華月,賀月,雅月,圭月,桂月,香卯月,香月,和希,和気
かな,kana,杏菜,郁奈,郁那,郁乃,郁銘,一夏,何奈,伽奈,伽那,佳杏,佳永,佳夏,佳菜,佳七,佳渚,佳生,佳奈,佳那,佳南,佳納,佳名,佳也,佳良,佳和,加愛,加菜,加奈,加那,加名,加也,可菜,可七,可直,可奈,可那,可南,可名,嘉菜,嘉奈,嘉那,夏菜,夏秋,夏奈,夏那,夏南,夏葉,嫁那,科奈,果菜,果奈,果那,果南,果名,架奈,歌菜,歌奈,歌来,珂奈,花永,花菜,花奈,花那,花南,花名,茄奈,華菜,華奈,華那,華南,華楠,華名,華娜,賀菜,賀奈,雅奈,久乃,薫奈,圭菜,圭奈,圭那,圭乃,桂央,桂奈,結花,光那,香夏,香采,香菜,香七,香渚,香尚,香奈,香那,香南,香名,香来,香林,克奈,鹿奈,神奈,奏,日菜,日奈,日和,芳菜,芳奈,芳那,和奈,和那,栞花,珈奈,翔菜
かなえ,kanae,愛絵,愛恵,郁奈恵,郁奈江,央絵,央恵,佳絵,佳江,佳菜英,佳菜絵,佳菜恵,佳菜江,佳菜枝,佳七江,佳成江,佳奈愛,佳奈映,佳奈栄,佳奈永,佳奈英,佳奈絵,佳奈恵,佳奈江,佳奈枝,佳奈重,佳那衣,佳那恵,佳那江,佳那枝,佳南枝,佳苗,佳苗恵,佳望,佳名栄,佳名恵,佳名江,加菜絵,加菜恵,加菜江,加菜枝,加七絵,加奈映,加奈栄,加奈永,加奈英,加奈絵,加奈恵,加奈江,加奈枝,加奈重,加奈惠,加那絵,加那恵,加那江,加那枝,加楠絵,加納恵,加苗,加邦枝,加名栄,加名恵,加名江,可菜映,可菜恵,可菜枝,可奈英,可奈絵,可奈恵,可奈江,可奈枝,可奈笑,可南枝,可苗,嘉菜恵,嘉菜江,嘉奈恵,嘉奈江,嘉奈枝,嘉苗,夏菜江,夏七江,夏奈衣,夏奈絵,夏奈恵,夏奈江,夏苗,家奈栄,科苗,果菜絵,果菜恵,果奈依,果奈栄,果奈絵,果奈恵,果奈枝,果苗,果名得,架奈恵,架奈枝,架苗,歌菜恵,歌七絵,歌苗,歌来絵,花菜絵,花菜恵,花菜江,花菜枝,花奈栄,花奈絵,花奈恵,花奈江,花那恵,花苗,華菜恵,華菜江,華奈栄,華奈絵,華奈恵,華奈江,華奈枝,華奈妥,華那恵,華那慧,華南枝,華苗,華梨江,賀菜絵,賀奈恵,賀奈江,賀奈枝,賀那英,賀那恵,賀苗,賀名衣,賀名江,雅奈恵,雅奈江,海南恵,海南江,絵苗,掛苗,叶,叶瑛,叶絵,叶恵,協江,圭苗,桂奈江,桂苗,香栄,香夏恵,香絵,香恵,香菜,香菜映,香菜絵,香菜恵,香菜江,香菜枝,香枝,香七枝,香七重,香奈衣,香奈栄,香奈英,香奈絵,香奈恵,香奈江,香奈枝,香那依,香那絵,香那恵,香那枝,香南江,香南枝,香妃,香苗,香苗恵,香名映,香名恵,哉絵,哉恵,哉江,哉枝,哉苗,財枝,神名衣,奏,奏愛,奏衣,奏栄,奏瑛,奏英,奏会,奏絵,奏恵,奏江,奏枝,泰絵,鼎,日苗,芳苗,要恵,要枝,和恵
かなで,kanade,奏,和奏
かの,kano,郁乃,佳乃,佳野,加乃,可乃,嘉乃,夏乃,夏野,花乃,華乃,樺乃,香乃,香濃,香野,楓乃,和野
かのこ,kanoko,佳楠子,佳乃胡,佳乃子,佳之子,佳能子,佳野子,加乃子,加能子,可愛子,可乃子,可能子,夏野子,歌乃子,花乃子,花野子,華の子,華乃子,華野子,賀乃子,快乃子,叶子,圭乃子,桂乃子,甲乃子,香子,香乃古,香乃子,香之子,香納子,香野子,鹿子,鹿乃子,和子
かよこ,kayoko,何代子,伽依子,伽吉子,価世子,佳依子,佳吉子,佳好子,佳秀子,佳世湖,佳世子,佳生子,佳代幸,佳代子,佳代姫,佳芳子,佳也子,佳由子,佳予子,佳余子,佳与杏,佳与子,佳誉子,佳預子,佳容子,佳揚子,佳洋子,佳溶子,佳用子,佳葉子,佳蓉子,佳要子,佳陽子,佳良子,佳與子,加依子,加佳子,加喜子,加四子,加昌子,加世子,加代子,加芳子,加夜子,加由子,加予子,加余子,加与子,加誉子,加容子,加洋子,加葉子,加要子,加陽子,加良子,可依子,可世子,可代子,可夜子,可余子,可容子,可葉子,可陽子,嘉依子,嘉昌子,嘉世子,嘉代子,嘉夜子,嘉予子,嘉余子,嘉与子,嘉誉子,嘉容子,嘉洋子,嘉葉子,嘉陽子,夏世子,夏代子,夏予子,夏庸子,夏陽子,家世子,家代子,家庸子,科容子,果代子,架代子,歌世子,歌代子,歌謡子,河予子,珂代子,花世子,花代子,花容子,花曜子,茄容子,華好子,華世子,華代子,華予子,華誉子,華容子,華葉子,華陽子,華養子,芽代子,賀佳子,賀世子,賀代子,賀与子,賀容子,賀洋子,賀要子,賀陽子,雅世子,雅代子,雅洋子,開代子,馨容子,薫礼子,袈代子,圭世子,圭代子,圭余子,圭葉子,圭了子,圭良子,桂祥子,桂代子,香依子,香詠子,香喜子,香吉子,香好子,香昌子,香詳子,香世子,香帯子,香代子,香予子,香余子,香与子,香誉子,香容子,香庸子,香揚子,香洋子,香葉子,香陽子,香良子,克容子,鹿代子,春代子,勝代子,神代子,通子,芳昌子,芳世子,芳生子,芳代子,和世子,和代子,和余子
きえ,kie,葵衣,葵絵,衣恵,黄映,喜栄,喜永,喜絵,喜恵,喜江,喜枝,基恵,希依,希衣,希影,希栄,希瑛,希英,希絵,希恵,希江,希枝,希笑,祈恵,季愛,季依,季衣,季英,季絵,季恵,季江,季枝,季重,稀恵,紀依,紀衣,紀映,紀栄,紀詠,紀会,紀絵,紀恵,紀江,紀枝,紀重,紀惠,規恵,記江,貴愛,貴衣,貴映,貴栄,貴瑛,貴会,貴絵,貴恵,貴江,貴枝,貴重,貴惠,貴繪,起惠,輝恵,輝枝,己枝,樹愛,樹衣,樹映,樹絵,樹惠,生絵,生恵,生枝,妃恵,妃笑,姫英,姫江,綺依
きみえ,kimie,企美恵,喜光江,喜三恵,喜美栄,喜美恵,喜美江,喜美枝,喜美惠,喜巳江,基美恵,希己江,希己枝,希光恵,希三江,希三枝,希実枝,希充恵,希美絵,希美恵,希美江,希美枝,希美重,希未絵,希未江,希巳衣,希巳江,希巳枝,祈美恵,季己江,季美絵,季美恵,季美江,季美枝,季巳江,紀己恵,紀美栄,紀美恵,紀美江,紀美枝,紀未絵,規美江,規美惠,記見枝,記美恵,記美江,記美枝,記巳惠,貴恵,貴三恵,貴三江,貴三枝,貴枝,貴実栄,貴実恵,貴実枝,貴美栄,貴美絵,貴美恵,貴美江,貴美枝,貴美惠,貴巳江,起美江,輝実絵,輝美枝,輝味恵,輝巳江,恭美恵,君愛,君依,君衣,君映,君栄,君絵,君恵,君江,君枝,君重,君笑,君美恵,君美江,己実江,公衣,公映,公栄,公永,公英,公絵,公恵,公江,公三恵,公枝,公重,公美恵,公美枝,公美惠,公惠,后江,江枝,皇衣,皇恵,皇枝,実里,樹美恵,樹美江,樹美枝,仁恵,仁枝,姫愛,姫美江,麿江,木三江,靖美恵
きみこ,kimiko,葵実子,王子,王美子,企水子,企美子,企弥子,喜見子,喜己子,喜三子,喜実子,喜美子,喜満子,基視子,基真子,基仁子,基美子,希海子,希見子,希己子,希光子,希三子,希実子,希充子,希美子,希味子,希未子,希巳子,希民子,希弥子,幾美子,季幹子,季見子,季実子,季身子,季水子,季美子,季未子,季巳子,紀海子,紀見子,紀己子,紀光子,紀三子,紀視子,紀実子,紀臣子,紀水子,紀美子,紀未子,紀巳子,紀已子,規己子,規三子,規視子,規水子,規扇子,規美子,規躬子,記允子,記規子,記三子,記美古,記美子,貴見子,貴己子,貴后子,貴三子,貴視子,貴実子,貴充子,貴美子,貴巳子,貴弥子,起三子,起美子,起味子,起未子,起民子,軌視子,輝見子,輝美子,吉美子,君子,君美子,己美子,公香,公子,公美子,公巳子,江子,皇子,樹見子,樹三子,樹実子,樹美子,樹未子,城三子,仁子,清美子,宣美子,妃水子,妃美子,姫美子,木実子,木美子,暉美子,癸未子
きょうこ,kyouko,杏香,杏子,馨子,叶子,希卯子,希有子,希洋子,希葉子,祈陽子,季代子,貴陽子,起庸子,輝子,輝陽子,挙子,亨子,享子,京古,京江,京香,京子,京代子,京友子,供子,競子,共子,協子,匡子,匡佑子,卿子,喬子,境子,峡子,強子,恭子,教子,教友子,況子,矯子,興子,郷湖,郷子,鏡子,響子,饗古,仰子,暁子,慶子,敬子,景子,経子,交子,孝子,昂子,更子,梗子,稿子,香子,香木,今日子,皓子
きよか,kiyoka,喜代佳,喜代加,喜代絵,喜代香,喜与佳,基代佳,希世佳,希世加,希世香,希代香,希誉花,希誉香,希羊加,希陽加,季代佳,季夜日,季陽花,紀代香,記代香,貴世香,貴代香,貴陽嘉,起世香,起代佳,潔佳,潔香,汐香,樹代香,樹誉果,淳華,浄佳,浄香,心香,粋佳,澄花,晴香,清佳,清加,清可,清夏,清歌,清花,清華,清霞,清香,清代香,聖佳,聖加,聖果,聖架,聖花,聖華,聖香,静香,静咲,斉香,雪佳,雪花,雪華,陽香
きよこ,kiyoko,葵代子,幹代子,幹陽子,企予子,喜世子,喜代子,喜芳子,喜夜子,喜与子,喜容子,喜洋子,喜要子,喜陽子,基代子,基予子,基与子,基容子,基洋子,基陽子,岐代子,希依子,希世子,希代子,希夜子,希予子,希与子,希誉子,希容子,希葉子,希良子,幾世子,幾代子,棋代子,祈世子,季世子,季代子,季裕子,季与子,季預子,季良子,稀世子,紀佳子,紀世子,紀代子,紀予子,紀余子,紀誉子,紀預子,紀揚子,紀陽子,規世子,規代子,規予子,規容子,規陽子,記世子,記代子,記予子,記庸子,貴王子,貴世子,貴代子,貴予子,貴誉子,貴容子,貴洋子,貴陽子,起世子,起代子,起陽子,輝世子,輝代子,輝余子,輝誉香,輝良子,宜代子,吉世子,巨子,享子,京子,匡子,恭予子,恭曜子,圭子,敬子,潔子,潔代子,公佳子,公世子,公曜子,公洋子,樹世子,樹代子,淑子,淳子,浄子,澄子,清子,清代子,生代子,精子,聖子,聖代子,聖夜子,静子,斉子,妃余子,摩子,磨子,靖子,陽子,養子,廉子,朗子,洌子,淨子
きよみ,kiyomi,馨美,喜世美,喜代己,喜代子,喜代実,喜代美,喜代巳,喜巳,喜予美,喜与美,喜要美,喜與美,基世美,基予美,岐世美,希世実,希世美,希聖巳,希代実,希代美,希代未,希夜美,希予美,希予巳,希与実,希与美,希与未,希容美,希洋美,季代実,季代美,季余美,季葉美,季踊美,紀佳美,紀世美,紀代己,紀代実,紀代美,紀芳美,紀余美,紀与美,紀誉美,紀陽未,紀良美,規世美,規代実,規代美,規予美,規与美,記世実,記世美,記代美,記代味,記代巳,貴世見,貴世実,貴世美,貴生美,貴代見,貴代光,貴代実,貴代美,貴代弥,貴美,貴予美,貴与美,貴誉美,貴陽美,起世美,起代三,起代美,輝世美,輝代未,居美,挙代己,享美,京美,恭見,恭美,恭弥,教美,圭見,圭珠,圭美,景美,潔実,潔身,潔美,健美,研己,己代美,己予美,公代美,公洋美,香美,今日美,斎美,樹代美,樹代未,樹誉実,樹良美,淑実,淑美,舜美,淳美,純美,祥美,浄,浄美,粋美,澄実,澄珠,澄泉,澄美,晴文,清益,清海,清見,清己,清后,清三,清視,清示,清実,清充,清女,清心,清身,清水,清生,清雪,清代美,清美,清文,清味,清未,清巳,清弥,精視,精美,聖弓,聖己,聖実,聖水,聖生,聖代美,聖美,聖未,聖魅,聖巳,青美,静美,斉美,雪美,泰美,姫代美,北夜美,靖美,陽美,淨美
きらら,kirara,紀麗,煌良
きらり,kirari,希良梨,輝里
きりこ,kiriko,葵里子,杏里子,喜利子,喜理子,喜里子,寄理子,希利子,希吏子,希梨子,希理子,希里子,希倫子,季利子,季理子,季里子,季莉子,紀利子,紀吏子,紀理子,紀里子,記理子,貴利子,貴理子,貴里子,起理子,輝里子,桐子,樹吏子,樹理子,樹里子,樹莉子,妃理子,霧子,木里子
くにこ,kuniko,域子,郁子,界子,久爾子,久仁子,久丹子,久二子,久任子,宮仁子,宮二子,求仁子,共仁子,恭仁子,郷子,九仁子,九二子,倶仁子,句仁子,玖担子,矩仁子,具仁子,具二子,空虹子,薫子,訓子,訓仁子,郡子,庫仁子,庫二子,公子,公仁子,公任子,孔仁子,紅仁子,貢仁子,貢二子,香子,国子,州子,洲子,晋子,都子,朋子,邦子,邦仁子,有子,六合子,國子
くみこ,kumiko,郁美子,丘美子,丘未子,久益子,久観子,久宮子,久鏡子,久見子,久御子,久光子,久三子,久視子,久実子,久珠子,久充子,久仁子,久聖子,久都子,久美湖,久美江,久美香,久美子,久峰子,久望子,久満子,久味子,久未子,久魅子,久巳子,久弥子,久余子,宮美子,宮弥子,求実子,求美子,球美子,供見子,供美子,共美子,恭規子,恭三子,恭充子,恭美子,恭文子,恭未子,恭巳子,恭弥子,九海子,九三子,九実子,九美子,九巳子,倶美子,句見子,句三子,句実子,句美子,句味子,玖実子,玖美子,玖未子,矩美子,矩望子,矩未子,駒美子,具未子,虞美子,空見子,空水子,空美子,桑美子,薫美子,訓美子,群子,公郁子,公海子,公見子,公光子,公后子,公三子,公子,公視子,公実子,公省子,公美子,公味子,公未子,公巳子,公弥子,公彌子,功見子,功三子,功美子,功味子,功未子,孔臣子,孔美子,孔未子,弘見子,弘身子,弘美子,紅視子,紅実子,紅美子,紅未子,紅稔子,紅民子,貢右子,貢海子,貢己子,貢三子,貢美子,香美子,克己子,勺子,旬水子,匠美子,織子,組子,党子,邦己子,邦美子,与子,来実子,倫子,與子
くらら,kurara,久楽々,久楽良,久良麗,空羅々
くりす,kurisu,玖璃珠
くるみ,kurumi,久流水,久琉美,久留実,久留美,久留巳,久瑠実,久瑠美,玖留美,栗留未,繰美,繰未,薫美,薫未,胡桃,公瑠美,功留美,美紀,来海,来実,来美,来望,来未,来留実,来留桃,來美,來未
くれは,kureha,久令葉,呉羽,紅羽,紅映,紅早,紅葉
けい,kei,佳,佳以,佳衣,佳良,花依,希以,希依,希衣,紀衣,京,京依,啓維,圭以,圭偉,圭威,圭衣,圭似,形衣,恵以,恵依,恵衣,恵育,恵英,恵生,恵唯,慶衣,慶滋,桂以,桂伊,桂依,桂衣,桂生,蛍,遥,惠,惠以
けいこ,keiko,佳以子,佳依子,佳維子,佳衣子,佳子,華依子,賀子,介伊子,馨子,希伊子,希依子,希衣子,希子,規子,京伊子,京位子,京意子,京衣子,京子,境子,啓以子,啓伊子,啓依子,啓衣子,啓江,啓桜子,啓子,啓比子,圭以子,圭伊子,圭位子,圭依子,圭威子,圭緯子,圭衣子,圭井子,圭一子,圭永子,圭子,圭似子,圭生子,圭比子,珪子,契恵子,契子,径子,恵以子,恵依子,恵衣子,恵子,慶位子,慶維子,慶衣子,慶子,慧子,敬以子,敬伊子,敬依子,敬委子,敬衣子,敬子,景子,桂以子,桂井子,桂恵子,桂子,渓子,系子,経子,継子,茎子,蛍子,計子,詣子,建子,憲子,絹衣子,顕子,孝子,晃子,香子,今以子,徑子,惠以子,惠依子,惠郁子,惠子,憬子,涓子,瓊子,綮子,螢子,竟子
こうめ,koume,幸女,香女,小梅
ここあ,kokoa,心愛,心彩
こころ,kokoro,鼓湖呂,心,真心
ことは,kotoha,紀羽,琴羽,琴葉
こなつ,konatsu,呼奈津,枯奈津,弘夏,仔夏,小夏,小奈津
このは,konoha,湖乃葉,心乃葉,木乃葉,木葉
こゆき,koyuki,香幸,香夕季,小幸,小雪,小優希,小優季,小悠紀,小有希,小由岐,小由季,小由紀,小由貴,姫雪,恋由姫
さいこ,saiko,佐以子,佐伊子,佐依子,佐尉子,佐衣子,佐江子,佐似子,沙依子,沙偉乎,沙衣子,沙子,最子,哉子,宰子,彩尉子,彩衣子,彩井子,彩子,才衣子,才子,栽子,歳子,済子,采子,砕子,祭子,斎子,菜衣子,菜子,裁子,際子,紗以子,紗衣子,修子,祥子,聖子,斉子,早衣子
さおり,saori,栄緒里,幸小里,幸織,幸生里,更織,佐央理,佐央里,佐王里,佐桜里,佐緒利,佐緒吏,佐緒理,佐緒里,佐小里,佐織,佐織理,佐織里,佐保利,佐保理,佐保里,佐芳里,佐麻理,唆織,嵯央里,左央理,左央里,左緒理,左緒里,左織,左保里,左方里,沙央,沙央織,沙央梨,沙央理,沙央里,沙央莉,沙欧里,沙緒,沙緒李,沙緒梨,沙緒理,沙緒里,沙緒莉,沙女里,沙織,沙織利,沙織理,沙織里,沙織莉,沙生利,沙扇里,沙帆里,沙美利,沙保利,沙保理,沙保里,沙穂梨,沙穂里,沙穂莉,沙方里,沙麻理,沙麻里,沙梨,沙里,砂央理,砂央里,砂音里,砂緒利,砂緒理,砂緒里,砂織,砂生里,砂保里,砂輔理,砂穂理,砂麻里,彩央理,彩央里,彩翁理,彩乙理,彩桜理,彩緒里,彩緒莉,彩織,彩多里,才央理,才緒里,栽織,菜百莉,冴織,咲央理,咲央里,咲緒梨,咲緒里,咲織,咲輔理,咲穂里,咲麻理,三織,糸少緒,紗おり,紗於里,紗央,紗央利,紗央梨,紗央理,紗央里,紗央厘,紗央莉,紗桜理,紗渚里,紗緒利,紗緒梨,紗緒理,紗緒璃,紗緒里,紗小里,紗織,紗織弓,紗織理,紗織里,紗尾里,紗尾莉,紗保吏,紗保理,紗保里,紗穂理,紗穂里,紗麻里,紗理,紗里,紗和吏,紗莉,小央理,小央里,小央莉,小桜里,小緒理,小緒里,小織,小生里,小百里,小保里,小穂利,小麻里,少緒,少織,抄越理,抄居,抄織,抄保里,抄穂里,粧織,心織,真織,真麻里,清織,聖織,雪喜,早央,早央梨,早央理,早央里,早乙理,早乙里,早桜里,早緒理,早緒里,早女里,早織,早織理,早織里,早生里,早多理,早帆理,早穂理,早穂里,早麻理,早麻里,早梨,早里,早和理,相浦,相織,聡織,草織,装織,智織,茶織里,妙緒里,妙織,里紗,里織
さきこ,sakiko,開子,五紀子,向子,幸希子,幸己子,幸子,更希子,肯子,佐葵子,佐旭子,佐企子,佐喜子,佐基子,佐岐子,佐希子,佐祈子,佐季子,佐紀子,佐規子,佐記子,佐貴子,佐起子,佐輝子,佐宜子,佐吉子,佐己子,佐幸子,佐樹子,佐妃子,佐姫子,嵯希子,左岐子,左希子,左季子,左紀子,左記香,左記子,左貴子,左起子,左樹子,左木子,差幾子,査喜子,沙葵子,沙喜子,沙基子,沙岐子,沙希子,沙季子,沙紀子,沙記子,沙貴子,沙起子,沙輝子,沙己子,沙公子,沙樹子,沙城子,沙生子,沙妃子,沙木子,砂喜子,砂希子,砂紀子,砂貴子,砂樹子,彩杏子,彩希子,彩季子,彩紀子,彩記子,彩貴子,彩起子,彩潔子,彩己子,彩公子,彩樹子,彩姫子,彩栞子,才貴子,才樹子,才妃子,採紀子,菜希子,冴稀子,咲喜子,咲希子,咲季子,咲稀子,咲紀子,咲貴子,咲子,咲樹子,作来子,桜貴子,三紀子,紗葵子,紗喜子,紗基子,紗希子,紗季子,紗稀子,紗紀子,紗規子,紗記子,紗貴子,紗起子,紗輝子,紗丘子,紗己子,紗樹子,紗妃子,紗姫子,紗林子,小喜子,小希子,小紀子,小記子,小貴子,小甲子,小樹子,抄希子,抄貴子,抄公子,祥記子,祥子,粧季子,粧貴子,斉希子,先喜子,先子,早杏子,早喜子,早岐子,早希子,早季子,早紀子,早規子,早貴子,早起子,早輝子,早公子,早咲子,早示子,早樹子,早妃子,早木子,智紀子,乃子,妃子,妙妃子
さくら,sakura,佐久良,咲楽,咲久良,咲良,咲來,作楽,桜,桜楽,紗来良,朱桜,早玖良,櫻,櫻花
さくらこ,sakurako,桜子,櫻子
さちえ,sachie,幸愛,幸依,幸映,幸栄,幸永,幸英,幸益,幸央,幸会,幸絵,幸技,幸恵,幸慧,幸江,幸枝,幸治枝,幸重,幸千恵,幸千江,幸知恵,幸智恵,幸苗,幸穂,幸惠,佐茅江,佐千絵,佐千恵,佐千慧,佐千江,佐千枝,佐千惠,佐知栄,佐知絵,佐知恵,佐知江,佐知枝,佐智栄,佐智絵,佐智恵,佐智江,佐智枝,左千江,左千重,左知江,左知枝,左智慧,左智枝,沙千恵,沙千江,沙知依,沙知絵,沙知恵,沙知江,沙知枝,沙智恵,砂千絵,砂智江,彩知永,彩智恵,才知恵,才智枝,菜千枝,咲千絵,咲智枝,作智栄,三治恵,祉江,紗千恵,紗千江,紗知衣,紗智恵,紗智枝,紗緻惠,祥愛,祥依,祥衣,祥栄,祥英,祥会,祥絵,祥恵,祥江,祥枝,祥惠,早治枝,早千恵,早千江,早千枝,早知恵,早智絵,早智恵,早智江,早智枝,早稚江,禎恵,島尻,福恵,祐愛,祐栄,祐絵,祐恵,祐江,祐枝,玲恵,玲江
さちこ,sachiko,敬子,倖子,幸湖,幸江,幸子,幸千子,幸知子,幸智子,幸福子,更知子,佐千子,佐知子,佐地子,佐智子,佐池子,佐稚子,佐直子,左千子,左知子,左智子,左抽子,差千子,差知子,差智子,沙千子,沙知子,沙智子,沙稚子,砂千子,砂知子,砂智子,砂稚子,砂路子,宰千子,彩千子,彩知子,彩智子,才知子,才智子,菜知子,菜智子,冴智子,咲千子,咲智子,咲稚子,察智子,三寿子,三千子,三知子,三智子,祉子,紗千子,紗知子,紗智子,紗稚子,寿子,小治子,小千子,小知子,小智子,抄知子,抄智子,昌智子,祥子,祥千子,祥知子,祥智子,真智子,早允子,早千子,早知子,早地子,早智子,早池子,早稚子,聡知子,茶千子,禎子,布沙絵,福子,祐子,祐千子,祐智子,玲子,禄子,翔音子,翔子
さちよ,sachiyo,栄千代,吉代,倖代,幸世,幸生,幸千代,幸代,幸智世,幸智代,幸如,幸予,幸余,幸与,幸誉,幸容,更知代,佐千世,佐千代,佐知佳,佐知世,佐知代,佐地代,佐智世,佐智代,佐稚代,左千代,左知代,沙千代,沙知代,沙智世,沙智代,彩知世,咲千代,三智世,紗千世,紗千代,紗知代,紗智世,紗智代,小市代,小千代,小知代,抄千代,抄智代,祥世,祥代,祥知世,詳世,真千代,早千世,早千代,早知世,早智世,早智代,早竹葉,智千代,禎世,禎代,祐世,祐代,玲代,玲美,礼代
さつき,satsuki,薫風,五月,幸月,佐津希,佐津紀,佐津貴,佐津起,佐都喜,佐都岐,佐都紀,佐都生,唆都樹,左津紀,沙月,沙津希,沙津季,沙津紀,沙鶴貴,沙都希,沙都季,沙都紀,沙都姫,砂月,砂津貴,彩月,菜月,冴月,咲貴,咲輝,咲月,咲津樹,咲都紀,桜月,札己,札姫,皐月,皐姫,三十貴,紗紀,紗月,紗津記,紗津樹,紗槻,紗都季,小月,爽月,早希,早月,早津希,早津季,早津紀,早都希,早都紀,早苗月,颯貴
さとこ,satoko,賀子,覚子,郷子,暁子,訓子,郡子,恵子,恵女,慧子,敬子,賢子,悟子,公子,効子,郊子,佐乙子,佐研子,佐人子,佐智子,佐斗子,佐登子,佐都子,佐土子,佐冬子,佐年子,佐利子,佐和子,左及子,左澄子,左斗子,左都子,差登子,査斗子,沙十子,沙登子,沙都子,沙東子,沙友子,砂斗子,砂渡子,砂登子,砂都子,彩都子,彩朋子,才斗子,菜都子,咲登子,咲都子,三富子,三和子,識子,紗乙子,紗音子,紗智子,紗斗子,紗登子,紗都子,紗冬子,紗東子,紗豊子,小都子,小統子,抄斗子,祥斗子,証子,真人子,仁子,吹里子,聖子,西都子,誠子,斉子,想子,早稲子,早人子,早斗子,早登子,早都子,早同子,早富子,早利子,総子,聡子,聡明子,達子,知子,智子,哲子,都子,透子,徳子,敏子,朋子,愉子,諭子,優子,邑子,吏香,吏子,理子,里湖,里子,里都子,了子,量子,倫子,怜子,玲子,惠子,曉子,總子,聰子,莉子,颯子
さとみ,satomi,育美,確美,覚美,学美,学未,京美,教美,郷見,郷己,郷三,郷実,郷美,暁実,暁美,訓己,訓美,恵央,恵海,恵見,恵史,恵実,恵珠,恵誠,恵美,恵文,恵満,恵未,恵弥,慧実,慧美,慧未,慧實,賢実,賢美,五十美,悟実,悟美,悟味,公見,公己,公美,幸永美,幸登美,幸美,郊美,佐乙美,佐外美,佐人美,佐吐美,佐斗美,佐登実,佐登充,佐登美,佐都美,佐土美,佐富美,佐朋美,佐豊美,佐里美,左斗美,左登美,左都実,差都美,沙十美,沙知美,沙智,沙智実,沙斗美,沙登美,沙登未,沙都見,沙都美,沙桃実,沙美,沙豊,沙利美,砂登美,砂都美,砂友美,彩斗美,彩登美,彩都美,才得峰,冴冬美,咲智美,咲登美,咲都美,識美,紗智美,紗斗美,紗登美,紗都実,紗都美,紗乃,紗利美,小登美,小都美,信美,仁実,仁美,正等美,聖海,聖巨,聖実,聖水,聖生,聖美,聖未,聖巳,聖弥,誠己,誠実,誠美,操美,早十美,早斗美,早登美,早都美,早冬美,早桃美,早陶美,早美,総美,聡見,聡視,聡実,聡珠,聡水,聡美,聡未,聡巳,聡弥,草東美,知見,知己,知子,知実,知聖,知美,知未,知弥,智海,智恵,智見,智己,智実,智水,智生,智泉,智美,智望,智未,智巳,智弥,聴美,哲右,哲弓,哲美,哲未,都見,都后,都水,都生,都美,都文,都未,都巳,都弥,徳美,敏見,敏美,敏未,敏巳,妙実,愉美,諭見,諭実,諭美,諭未,利実,利美,吏美,吏良,理実,理水,理瞳,理美,理未,里益,里果,里海,里見,里己,里光,里視,里実,里朱,里珠,里充,里深,里仁,里水,里知美,里登美,里美,里文,里望,里味,里未,里巳,里弥,了心,了美,了未,倫美,瑠美,令美,伶美,怜実,怜美,怜未,和子,惠美,曉美,聰実,聰美
さなえ,sanae,花苗,五苗,幸奈栄,幸苗,佐菜絵,佐菜江,佐奈映,佐奈栄,佐奈英,佐奈絵,佐奈恵,佐奈江,佐奈枝,佐奈重,佐苗,佐名恵,佐名枝,左奈恵,左内江,左苗,沙菜英,沙菜絵,沙菜江,沙奈衣,沙奈栄,沙奈絵,沙奈恵,沙奈江,沙奈枝,沙奈重,沙那恵,沙苗,沙和恵,砂奈映,砂奈恵,砂奈枝,砂奈穂,砂納恵,砂苗,彩菜笑,彩奈恵,彩奈江,彩奈重,才奈恵,才苗,菜苗,冴名恵,咲菜恵,咲奈恵,咲奈枝,咲苗,桜名枝,三菜恵,紗菜英,紗菜絵,紗菜恵,紗奈映,紗奈絵,紗奈恵,紗奈江,紗奈枝,紗那恵,紗那江,紗苗,小菜恵,小枝,小奈永,小奈絵,小奈恵,小奈江,小奈枝,小苗,抄奈栄,抄奈恵,抄苗,真愛,真衣,真栄,真絵,真恵,真江,真枝,真苗,真惠,早絵,早恵,早江,早菜恵,早菜江,早菜枝,早枝,早七恵,早奈亜,早奈英,早奈恵,早奈江,早奈枝,早那英,早那恵,早那江,早那枝,早乃江,早苗,早苗恵,早苗江,早苗枝,早名衣,早名絵,草苗,苗枝,妙苗,里奈江,鈴枝,眞恵
しおり,shiori,梓央里,梓織,司緒里,司織,史緒利,史緒梨,史緒里,史緒莉,史小里,史織,史帆理,史保理,史栞,四織,士織,姿織,市織,志遠里,志於理,志央利,志央梨,志央理,志央里,志央莉,志音利,志桜里,志緒利,志緒梨,志緒理,志緒里,志小里,志織,志織梨,志織理,志織里,志生理,志生里,志保利,志保梨,志保理,志保里,志穂理,志穂里,志和理,志栞,思織,支穂理,旨緒理,旨織,枝緒理,枝織,枝生里,枝折,糸央里,糸往里,糸緒理,糸織,糸生里,紫央利,紫央里,紫合里,紫緒吏,紫緒梨,紫緒里,紫織,紫尾吏,紫保里,紫穂里,至織,至宝里,詞織,詞生里,詩央里,詩桜里,詩緒,詩緒里,詩織,詩織里,詩生里,詩折,詩保理,詩保莉,詩穂里,詩里,詩栞,誌織,慈織,慈保里,滋織,蒔織,汐織,汐李,汐梨,汐理,汐里,汐莉,偲小里,柴織,朱織,秋桜里,抄緒理,抄理,静織,潮里,美織,梨,栞,栞李,栞理,栞里,栞莉
しずか,shizuka,閑,閑香,史愛,史珠香,志寿佳,志寿華,志寿香,志津佳,志津加,志津可,志津果,志津花,志津華,志津香,志都佳,志都加,志都香,志文香,志律香,支都香,枝寿佳,紫寿香,紫杜華,紫都佳,紫都香,詩津香,滋寿香,淑華,淑香,浄花,浄華,浄香,慎花,清香,静,静伽,静佳,静加,静可,静嘉,静夏,静果,静架,静歌,静花,静華,静雅,静馨,静薫,静香,静芳,静鈴,静和,静翔,寧香,靖佳,靖袈,涼華,涼香,靜,靜佳,靜加,靜花,靜華,靜香,靜麗
しずこ,shizuko,梓津子,委文子,穏子,閑子,希子,玄子,司珠子,司寿子,司津子,史寿子,史津子,史都子,士都子,姿寿子,志朱子,志珠子,志寿子,志津子,志鶴子,志都子,志文子,志律子,思都子,支都子,旨志子,枝瑞子,紫珠子,紫純子,紫津子,詞津子,詩寿子,詩津子,資津子,滋寿子,淑子,浄子,慎子,清水子,静香,静子,鎮子,寧子,茂都子,倭子,倭文子,靜子
しの,shino,梓乃,司乃,史乃,士乃,始乃,姿乃,志乃,志之,志野,思乃,思之,支乃,旨乃,糸乃,紫乃,紫之,紫野,至乃,視乃,詞乃,詩典,詩乃,詩野,誌乃,資乃,慈乃,偲乃,朱乃,淑乃,織乃,信乃,清乃
しのぶ,shinobu,史乃芙,志暢,志展,志乃生,志乃布,志乃舞,志乃文,志能富,志野歩,思,思展,紫葉,詩乃夕,偲,仁風,忍,眞
しほ,shiho,梓帆,梓保,梓歩,梓甫,梓穂,圭保,沙穂,使保,使穂,司帆,司保,司歩,司穂,史浦,史帆,史保,史歩,史穂,史朋,史穗,四穂,士穂,始歩,始穂,姉穂,姿穂,子歩,師保,志浦,志織,志畝,志帆,志布,志扶,志保,志圃,志歩,志甫,志輔,志穂,志峰,志朋,志芳,志萌,志房,志誉,志穗,思帆,思保,思歩,思穂,枝浦,枝保,枝穂,祉歩,糸帆,糸保,糸穂,紫畝,紫帆,紫布,紫保,紫歩,紫甫,紫穂,紫峰,紫方,紫豊,至帆,至保,視補,視穂,詞焚,詩帆,詩布,詩保,詩歩,詩穂,詩穗,誌帆,誌穂,賜帆,慈穂,示帆,汐帆,汐保,偲保,朱星,朱歩,秀穂,晶帆,織帆,織穂,信帆,信穂,真弓,真歩,真穂,静保,静穂,知歩,知穂,妃甫,栞歩
しほこ,shihoko,司穂子,司芳子,史秀子,史保子,史歩子,史穂子,史朋子,嗣畝子,姿穂子,師保子,志帆子,志布子,志保子,志歩子,志穂子,志峰子,志朋子,志法子,志芳子,志豊子,志望子,支帆子,支穂子,紫保子,紫穂子,紫豊子,詩帆子,詩保子,詩歩子,詩穂子,詩穗子,賜穂子
じゅな,juna,寿奈,樹奈,俊河
じゅら,jura,朱羅,樹羅,寿楽,樹蘭
じゅりあ,juria,朱里亜,珠梨亜,珠里亜,珠里愛,寿利亜,寿理亜,寿里亜,寿莉阿,樹李亜,樹梨亜,樹理亜,樹里亜,樹里杏,樹里余,樹莉亜
じゅんか,junka,淳香,潤花,潤華,純佳,純可,純華,純香
じゅんこ,junko,絢子,享子,紘子,寿子,淑子,准子,循子,旬子,殉子,淳子,準子,潤子,盾子,純子,遵子,醇子,順子,惇子,隼子,洵子,詢子,諄子
じゅんな,junna,淳菜,淳奈,潤奈,純菜,純奈,順奈,隼那
すずえ,suzue,宰江,寿々恵,寿々江,寿津江,涼絵,涼恵,涼江,鈴栄,鈴絵,鈴恵,鈴江,鈴枝
すずか,suzuka,紗加,紗花,紗香,珠香,珠々香,寿々佳,寿々花,寿々香,淑花,涼,涼佳,涼加,涼夏,涼果,涼歌,涼花,涼香,涼風,鈴佳,鈴加,鈴嘉,鈴夏,鈴果,鈴花,鈴華,鈴香
すずこ,suzuko,宰子,紗子,朱々子,珠州子,寿珠子,寿寿子,寿々子,寿津子,寿都子,寿文子,須津子,涼子,鈴子,壽珠子
すずね,suzune,涼音,鈴音
すずの,suzuno,寿々乃,涼乃,鈴乃
すみえ,sumie,右江,角江,角枝,角美枝,紀絵,紀江,久恵,恭栄,恭永,恭江,好恵,好江,済江,主実恵,守三江,守美恵,守美惠,朱三江,朱美絵,朱美恵,朱美江,朱巳江,珠美英,珠美恵,珠美江,珠美枝,寿栄,寿絵,寿恵,寿見恵,寿己江,寿光恵,寿江,寿三江,寿三枝,寿三重,寿枝,寿実恵,寿実江,寿美,寿美栄,寿美絵,寿美恵,寿美江,寿美枝,寿未枝,寿巳江,周三江,住依,住栄,住恵,住江,住枝,住美絵,淑絵,淑恵,淑江,淑枝,淑満江,純愛,純衣,純栄,純永,純会,純絵,純恵,純己恵,純江,純枝,純美恵,純美江,純美惠,純満恵,純満惠,純會,純柯,浄江,須三栄,須美恵,須美江,須美枝,須巳江,崇美恵,枢実枝,澄依,澄衣,澄映,澄栄,澄永,澄英,澄絵,澄恵,澄己枝,澄江,澄枝,澄重,澄美恵,澄美江,寸美恵,清衣,清絵,清恵,清江,清枝,聖江,素美恵,素美江,透惠,篤枝,末美恵,優美恵,有恵,有江,有枝,葉菜,涼江,壽美恵,壽美江,壽美枝,壽美惠
せいこ,seiko,井子,済子,斎子,史子,省子,浄子,世以子,世伊子,世依子,世衣子,世育子,世恵子,世子,世生子,瀬依子,瀬台子,勢以子,勢依子,勢子,征子,成子,政維子,政子,整子,星以子,星子,晴子,正子,清子,生子,盛子,精子,聖位子,聖依子,聖衣子,聖子,誠子,誓子,請子,青衣子,青子,静伊子,静子,斉子,妹伊子,靖子,靜子
せいら,seira,世衣良,星愛,星羅,星来,星良,清羅,聖楽,聖恵,聖羅,聖良,惺羅
せつこ,setsuko,世津子,世通子,世都子,瀬津子,勢津子,勢都子,清津子,清都子,聖津子,聖都子,摂子,摂津子,設子,節子,節津子,説子,雪子,千津子,早典子,妹津子,攝子,靜津子
たかこ,takako,位子,一子,岳子,希子,毅子,貴佳子,貴可子,貴華子,貴賀子,貴香子,貴哉子,貴子,宜子,丘子,及子,享子,京子,共子,喬子,恭子,教子,仰子,尭子,圭子,敬子,健子,賢子,公加子,公子,功子,好子,孔子,孝子,幸子,昂子,皇子,考子,香子,高賀子,高子,才子,財子,姿子,社子,爵子,宗子,修子,勝子,尚子,渉子,祥子,章子,賞子,上子,臣子,崇子,嵩子,聖子,荘子,尊子,多郁子,多佳子,多加子,多可子,多嘉子,多果子,多架子,多歌子,多河子,多花子,多華子,多賀子,多馨子,多貴子,多圭子,多香子,多克子,多芳子,太佳子,太香子,汰可子,妥加子,泰香子,代曄子,鷹子,卓可子,卓子,廷香子,哲子,田佳子,田加子,田雅子,田香子,登子,都子,任子,能子,宝子,峰子,妙佳子,妙香子,夕香子,誉子,陽子,理子,隆子,塁子,堯子
たかね,takane,貴音,貴根,高嶺,多佳音,多加音
ちあき,chiaki,千亜喜,千亜希,千亜季,千亜紀,千亜記,千亜貴,千亜己,千亜樹,千亜妃,千亜姫,千亜木,千阿希,千阿紀,千愛希,千旭,千綾樹,千安希,千安季,千安紀,千安芸,千郁,千映,千紀,千輝,千鏡,千暁,千暁妃,千慧,千顕,千光,千幸,千晃,千慈,千朱,千珠,千秋,千淳,千彰,千昌,千昭,千晶,千照,千章,千爽,千聡,千智,千彬,千明,千耀,千陽,千理,千玲,千暉,知亜希,知亜季,知亜紀,知亜記,知亜樹,知安紀,知暁,知秋,知晶,知明,智亜喜,智亜希,智亜季,智亜紀,智亜記,智亜貴,智亜生,智愛,智映,智公,智朱希,智秋,智昭,智晶,智明紀,智明樹,智陽,智玲,稚晶
ちえ,chie,治枝,千愛,千依,千衣,千叡,千営,千映,千栄,千永,千瑛,千英,千詠,千悦,千雅,千会,千絵,千恵,千慧,千江,千枝,千重,千笑,千乃,千苗,千惠,知愛,知依,知衣,知映,知栄,知永,知英,知絵,知恵,知慧,知江,知枝,知重,知笑,知柄,地恵,智愛,智衣,智映,智栄,智永,智瑛,智英,智詠,智会,智絵,智恵,智慧,智江,智紅,智枝,智重,智得,智媛,智惠,智繪,稚衣,稚栄,稚絵,稚恵,稚枝,稚惠,秩愛,秩依,秩枝,直央,直絵,朕恵,睦恵
ちえこ,chieko,千依子,千衣子,千営子,千映子,千栄子,千永子,千瑛子,千英子,千衛子,千詠子,千悦子,千絵子,千恵子,千慧子,千江子,千枝子,千重子,千笑子,千得子,千誉子,千惠子,知愛子,知依子,知衣子,知影子,知映子,知栄子,知永子,知瑛子,知英子,知詠子,知延子,知央子,知会子,知絵子,知恵子,知慧子,知江子,知枝子,知重子,知惠子,知榮子,智愛子,智依子,智衣子,智映子,智栄子,智永子,智英子,智詠子,智絵子,智恵己,智恵子,智慧子,智工子,智江子,智枝子,智重子,智惠子,池映子,池江子,稚依子,稚栄子,稚英子,稚絵子,稚恵子,稚枝子,稚重子,致恵子,致得子,秩恵子,友恵子,仟永子
ちえみ,chiemi,治江美,千衣実,千映美,千映未,千栄美,千永美,千瑛美,千英美,千詠美,千会美,千絵実,千絵美,千恵海,千恵実,千恵泉,千恵美,千恵望,千恵巳,千恵弥,千江実,千江美,千枝実,千枝美,千枝未,千重実,千重美,千重巳,千笑,千惠三,千惠美,知依美,知衣美,知映美,知栄実,知栄美,知英見,知英美,知絵水,知絵美,知恵見,知恵実,知恵美,知恵巳,知慧美,知江美,知江巳,知枝美,知重美,知笑,知日美,知惠美,智愛弥,智依実,智依美,智衣美,智栄美,智永海,智瑛美,智英美,智絵実,智絵美,智絵弥,智恵,智恵実,智恵美,智恵弥,智恵路,智慧峰,智江美,智枝美,智枝味,智重美,智笑,智深,智得美,智徳美,智美,智惠美,智繪美,稚恵実,稚笑,稚笑美,秩惠美,直枝美
ちか,chika,千佳,千加,千可,千嘉,千夏,千嫁,千家,千科,千果,千架,千歌,千花,千華,千霞,千賀,千雅,千馨,千薫,千圭,千景,千桂,千香,千詩,千晶,千方,千和,千翔,知伽,知佳,知加,知可,知夏,知果,知架,知歌,知花,知華,知賀,知薫,知圭,知桂,知香,知日,知芳,智郁,智佳,智加,智可,智嘉,智夏,智果,智架,智歌,智花,智華,智課,智賀,智圭,智香,智哉,稚佳,稚加,稚可,稚夏,稚果,稚花,稚華,稚香
ちかこ,chikako,愛子,允子,央子,寛子,幾子,規子,及子,京子,恭子,謹子,近子,九子,慶子,元子,恒子,考子,衡子,哉子,参子,司子,史佳子,史子,慈子,治嘉子,治荷子,治子,爾子,実子,主香子,周子,集子,充子,庶子,慎子,新子,真子,親子,身子,仁子,尋子,声子,誓子,静子,千郁子,千何子,千伽子,千佳子,千加子,千可子,千嘉子,千夏子,千家子,千果子,千架子,千歌子,千花子,千華子,千賀子,千雅子,千袈子,千圭子,千景子,千桂子,千香子,千哉子,千伺子,千鹿子,千春子,千鶴子,知郁子,知何子,知佳子,知加子,知可子,知嘉子,知夏子,知嫁子,知果子,知架子,知歌子,知花子,知華子,知賀子,知雅子,知馨子,知圭子,知桂子,知香子,知克子,知子,知日子,知芳子,地佳子,地香子,智郁子,智佳子,智加子,智可子,智嘉子,智夏子,智架子,智歌子,智花子,智華子,智賀子,智雅子,智馨子,智圭子,智桂子,智紅子,智香子,智哉子,智子,智日子,智芳子,智和子,池佳子,稚佳子,稚加子,稚可子,稚嘉子,稚科子,稚歌子,稚賀子,稚香子,稚子,致雅子,秩佳子,秩賀子,直子,培子,発子,比子,睦香,睦子,睦娘,凡子,味子,務子,盟子,矢子,悠子,用子,和子,愼子,眞子
ちさこ,chisako,至佐子,治斉子,千更子,千佐子,千左子,千査子,千沙子,千瑳子,千砂子,千彩子,千才子,千咲子,千笹子,千紗子,千抄子,千早子,千草子,千智子,千里子,知佐子,知左子,知沙子,知砂子,知紗子,知早子,地佐子,智佐子,智左子,智沙子,智砂子,智彩子,智咲子,智紗子,智早子,智聡子,智里子,稚佐子,稚沙子,稚子,稚紗子,理子
ちさと,chisato,茅里,持里,千愛,千覚,千京,千郷,千恵,千慧,千悟,千公,千幸,千佐登,千佐都,千沙斗,千沙登,千沙都,千砂登,千砂都,千咲寿,千咲登,千咲都,千紗音,千紗登,千紗都,千紗土,千寿,千真,千仁,千聖,千早登,千早都,千総,千聡,千知,千智,千哲,千都,千敏,千吏,千理,千里,千里登,千了,千倫,千伶,千怜,知恵,知悟,知佐斗,知佐登,知左登,知沙登,知沙都,知砂登,知桜都,知識,知紗都,知聖,知聡,知智,知都,知邑,知里,智郷,智恵,智慧,智悟,智佐登,智沙登,智沙都,智識,智紗音,智紗都,智仁,智聖,智聡,智登,智都,智妙珠,智理,智里,稚識,稚智,稚里,路里
ちなつ,chinatsu,茅夏,千夏,千夏都,千菜津,千菜都,千奈津,千奈都,知夏,知奈津,知那津,智夏,智菜津,智奈津,稚奈津
ちはる,chiharu,千治,千春,千晴,千知,千明,千遥,千陽,千遼,千瑶,早春,知春,地晴,智春,智晴,智美,稚華
ちひろ,chihiro,千絢,千永,千央,千嘉,千拡,千寛,千緩,千空,千啓,千敬,千景,千宏,千広,千弘,千浩,千紘,千寿,千潤,千祥,千丈,千仁,千尋,千扇,千泰,千大,千拓,千宙,千展,千日路,千博,千帆,千妃呂,千妃路,千妃露,千披,千比呂,千凡,千明,千弥,千優,千悠,千祐,千裕,千容,千洋,千蓉,千陽,千礼,千亙,千廣,千晧,千洸,千滉,千皓,千絋,知央,知拡,知寛,知京,知啓,知景,知宏,知広,知弘,知浩,知紘,知潤,知尋,知大,知都,知博,知比呂,知末,知弥,知優,知裕,知洋,知礼,地尋,地拓,地洋,智央,智拡,智寛,智緩,智啓,智景,智宏,智弘,智浩,智紘,智寿,智尋,智大,智博,智妃路,智比呂,智弥,智優,智裕,智洋,稚央,稚尋,稚比呂,稚裕
つかさ,tsukasa,司,官,主
つぐみ,tsugumi,鶫,継未,紹美
つばき,tsubaki,椿,山茶
ともえ,tomoe,委江,委枝,央恵,寛枝,紀恵,供枝,共映,共栄,共永,共絵,共恵,共江,具英,具恵,具枝,群江,交恵,幸恵,始江,十萌,昌江,丈愛,丈恵,丈枝,双映,知亜,知愛,知依,知映,知栄,知永,知英,知絵,知恵,知江,知枝,知重,知条,知百恵,智愛,智衣,智映,智栄,智永,智瑛,智英,智園,智会,智絵,智恵,智慧,智江,智枝,智重,智乃,智苗,智萌,智惠,朝愛,朝映,朝栄,朝永,朝絵,朝恵,朝江,朝枝,悌絵,禎絵,禎枝,登萌,登茂恵,登茂江,登茂枝,都萌,土萌,冬愛,冬萌,那依,那恵,巴,巴依,巴絵,巴恵,巴枝,伯恵,伯枝,伴絵,伴恵,伴江,伴枝,比映,富茂枝,扶江,奉恵,宝恵,朋愛,朋依,朋衣,朋映,朋栄,朋英,朋衛,朋会,朋絵,朋恵,朋江,朋枝,朋重,朋苗,朋惠,萌絵,萌恵,萌江,明恵,友愛,友映,友栄,友永,友瑛,友英,友衛,友詠,友絵,友恵,友慧,友江,友枝,友重,友達,友乃,友柄,友萌,友惠,友榮,有恵,有重,与枝,誉枝,倫愛,倫衣,倫栄,倫永,倫衛,倫恵,倫江,倫枝,呂江,和恵,和江,與惠
ともこ,tomoko,以子,委子,階子,外茂子,寛子,幹子,及子,供子,共子,協子,恭子,倶子,具子,兼子,交子,公子,史子,始子,視子,資子,侍子,実子,周子,衆子,充子,十模子,十茂子,従子,丈子,常芳子,誠子,知古,知江,知子,知百子,知萌子,智子,智茂子,暢子,朝子,貞市,悌子,禎子,徒望子,斗茂子,登茂子,都生子,都藻子,都母子,都望子,都茂子,土茂子,冬若子,冬萌子,東望子,東茂子,桃望子,燈子,等子,瞳毛子,敦子,那子,巴子,巴萌子,伴子,備子,美喜子,富茂子,文子,奉子,宝子,朋子,朋萌子,豊茂子,睦子,堀,明子,耶子,友厚,友子,友百子,友茂子,有子,与子,頼子,僚子,倫佳,倫子,類子,朗子,偕子,與子
ともみ,tomomi,委美,委未,委巳,栄美,皆美,外茂美,幹実,基美,季美,紀美,規美,貴美,義実,供美,共美,共未,興美,具己,具実,具美,兼美,公美,幸実,幸美,幸弥,彩美,始美,志実,資未,資巳,寿美,丈実,丈美,仁美,誠実,誠美,誠巳,全美,双美,知果,知海,知弓,知巨,知見,知己,知三,知視,知実,知省,知臣,知身,知水,知生,知操,知美,知文,知未,知魅,知巳,知民,知弥,知彌,智海,智弓,智巨,智己,智三,智視,智実,智朱,智珠,智充,智深,智水,智生,智美,智満,智味,智未,智巳,智弥,朝海,朝実,朝深,朝美,朝望,朝未,朝巳,悌未,禎美,斗百美,斗茂美,登萌美,登茂美,都百美,冬萌実,寅美,那美,巴美,伴海,伴実,伴美,伴弥,比美,文規,文美,保美,奉視,奉美,奉巳,宝美,朋果,朋海,朋規,朋弓,朋見,朋己,朋三,朋実,朋深,朋真,朋水,朋生,朋扇,朋泉,朋美,朋未,朋巳,朋弥,萌美,萌未,睦美,睦弥,茂美,友愛,友海,友規,友弓,友見,友己,友三,友視,友実,友深,友生,友聖,友泉,友美,友舞,友望,友望実,友満,友未,友巳,友弥,有美,有未,与美,誉美,利萌実,僚己,僚実,僚美,倫弓,倫巨,倫見,倫己,倫史,倫実,倫身,倫美,倫未,倫巳,呂実,呂美,和美,和未,和弥,與美
ともよ,tomoyo,委世,委代,幹代,企代,紀代,共世,共生,共代,共余,具世,具代,公代,幸世,始代,誠代,創代,知佳,知世,知代,知穂,知余,知与,知容,知葉,智佳,智順,智世,智代,智予,智与,智誉,智容,智葉,朝世,朝代,朝陽,登茂代,伴代,妃代,朋佳,朋興,朋世,朋代,朋予,朋余,朋与,朋葉,朋要,萌代,睦世,友世,友代,友百代,友夜,友予,友余,友誉,友揚,友葉,有世,有代,僚代,量世,倫世,倫代,倫葉,類代,和世,和代
なお,nao,央緒,夏央,夏生,夏大,夏穂,菜央,菜桜,菜緒,菜織,菜生,菜青,菜帆,菜尾,菜保,菜歩,菜穂,七央,七桜,七緒,七織,七生,七保,七穂,渚央,尚央,尚緒,尚生,尚男,真緒,直央,直音,直緒,直生,直大,直穂,直應,奈於,奈央,奈往,奈旺,奈王,奈音,奈桜,奈叔,奈緒,奈尚,奈織,奈生,奈忍,奈帆,奈尾,奈保,奈歩,奈甫,奈穂,奈麻,奈勇,奈和,那央,那穏,那渚,那緒,那生,那穂,那麻,捺央,捺緒,南央,南緒,南帆,南穂,如央,寧緒,苗央,苗生,名央,名緒,名帆,名歩,名穂,梨央,和央,和緒
なおこ,naoko,永保子,温子,菜浦子,菜央子,菜旺子,菜王子,菜桜子,菜緒子,菜小子,菜織子,菜生子,菜忍子,菜伯子,菜帆子,菜百子,菜保子,菜甫子,菜穂子,菜峰子,菜方子,菜麻子,菜良子,菜穗子,志子,治子,七央子,七五子,七緒子,七織子,七生子,七福子,七保子,七房子,修子,順子,渚穂子,緒子,尚央子,尚子,尚緒子,真子,成央子,成緒子,成生子,成穂子,正子,斉子,直央子,直乙子,直子,直緒子,直生子,直保子,直歩子,直穂子,直凡子,直穗子,惇子,奈於子,奈央子,奈欧子,奈王子,奈乙子,奈音子,奈桜子,奈渚子,奈緒子,奈諸子,奈織子,奈世子,奈生子,奈多子,奈伯子,奈帆子,奈尾子,奈夫子,奈扶子,奈保子,奈歩子,奈穂子,奈峰子,奈方子,奈朋子,奈邦子,奈麻子,奈有子,奈雄子,奈陽子,奈玲子,奈櫻子,奈穗子,那央子,那乙子,那緒子,那小子,那尚子,那織子,那生子,那帆子,那保子,那穂子,南欧子,南乙子,南桜子,南緒子,南生子,南帆子,南穂子,南豊子,楠緒子,如子,納央子,納生子,納穂子,波公子,苗織子,苗生子,苗穂子,復子,名旺子,名緒子,名生子,名帆子,名保子,名穂子,名方子,有央子,有子,猶子,由子,理子,璃奥子,和生子,和保子,和麻子,侑子,敞子,眞子,脩子
なおみ,naomi,君美,菜央実,菜央美,菜旺未,菜乙美,菜緒美,菜緒味,菜保美,菜歩美,菜穂実,菜穂美,菜穂未,菜麻実,菜麻美,治美,七桜美,七緒美,七生美,七保美,修美,順美,尚弓,尚己,尚皇実,尚視,尚実,尚充,尚身,尚水,尚生,尚妃,尚美,尚文,尚望,尚味,尚未,尚巳,尚弥,称緒美,称生美,真己,真実,真珠,真美,真未,正実,正美,斉美,端美,直央美,直海,直弓,直見,直三,直実,直珠,直充,直緒美,直織美,直深,直身,直水,直生,直生実,直泉,直美,直保美,直穂美,直未,直巳,直稔,直民,直弥,直洋,直和美,悌美,奈央視,奈央実,奈央美,奈央未,奈央巳,奈往美,奈王美,奈翁美,奈乙美,奈桜己,奈桜美,奈緒幹,奈緒見,奈緒己,奈緒実,奈緒美,奈緒未,奈緒巳,奈緒弥,奈小美,奈尚美,奈織美,奈臣,奈生己,奈生実,奈生都,奈生美,奈生未,奈生弥,奈多美,奈男己,奈帆美,奈尾美,奈百美,奈保見,奈保実,奈保美,奈保未,奈保巳,奈歩美,奈穂江,奈穂実,奈穂美,奈穂弥,奈宝美,奈芳美,奈邦美,奈麻美,奈雄美,奈良美,奈穗美,那央見,那緒美,那帆美,那保美,那穂美,那方美,南央美,南欧美,南緒見,南生美,二美,納央美,納穂実,納穂美,納麻美,苗央未,苗生美,苗穂美,名央美,名央未,名乙美,名緒美,名生実,名生美,名帆美,名保美,名穂美,有美,有未,由美,和生美,眞応美
なつえ,natsue,夏絵,夏恵,夏江,夏枝,夏惠,夏榮,夏螢,菜津恵,菜津江,菜津枝,菜都江,成津恵,奈津栄,奈津絵,奈津恵,奈津江,奈津枝,奈都衣,奈都絵,奈都恵,奈都江,奈都枝,奈律江,那津江
なつき,natsuki,夏葵,夏希,夏季,夏稀,夏紀,夏記,夏輝,夏騎,夏己,夏樹,夏生,夏妃,夏姫,夏来,夏李,夏來,夏綺,菜月,菜津希,菜津季,菜津妃,菜都希,菜都季,七月,七斗希,渚月,奈希,奈季,奈紀,奈月,奈津喜,奈津岐,奈津希,奈津季,奈津稀,奈津紀,奈津規,奈津記,奈津貴,奈津起,奈津輝,奈津己,奈津樹,奈津妃,奈津姫,奈津来,奈槻,奈都希,奈都季,奈都紀,奈都記,奈都樹,奈都城,奈都妃,奈都姫,那月,那津希,那津妃,那都希,那都祈,捺季,捺稀,捺紀,捺月,捺槻,捺暉,南暁,南津季,南槻,南都樹,名月,梨津紀
なつこ,natsuko,夏子,菜採子,菜津子,菜鶴子,菜摘子,菜都子,七月子,七津子,七都子,仲津子,直津子,奈月子,奈司子,奈珠子,奈寿子,奈津子,奈通子,奈鶴子,奈徒子,奈途子,奈都古,奈都子,奈律子,那津子,那都子,捺子,南州子,南津子,南紬子,南都子,楠都子,納津子,納都子,波津子,苗津子,名津子,名都子,名律子,浪津子,和月子,和都子
なつみ,natsumi,夏海,夏見,夏己,夏光,夏実,夏水,夏生,夏聖,夏津美,夏美,夏姫,夏弥,夏彌,菜採,菜津実,菜津美,菜摘,菜摘美,菜都美,菜都未,菜美,七海,七都美,渚美,奈採,奈積,奈壮美,奈津見,奈津三,奈津実,奈津微,奈津美,奈津巳,奈津弥,奈津路,奈摘,奈都海,奈都実,奈都美,奈都未,奈都弥,奈律美,那採,那津実,那津美,那摘,那都実,那都美,那律美,捺実,捺美,南摘,南都実,南都美,苗都美,名津美,名都美,陽美
ななえ,nanae,夏苗,菜恵,菜江,菜々衣,菜々映,菜々栄,菜々絵,菜菜恵,菜々恵,菜菜江,菜々江,菜々枝,菜々重,菜奈絵,菜奈恵,菜奈江,菜苗,菜名恵,七愛,七衣,七映,七栄,七英,七絵,七恵,七慧,七江,七彩,七菜江,七枝,七々恵,七重,七生,七奈絵,七奈江,七奈枝,七苗,七惠,奈菜絵,奈菜恵,奈菜江,奈々愛,奈々映,奈々栄,奈々瑛,奈々英,奈奈絵,奈々絵,奈奈恵,奈々恵,奈奈江,奈々江,奈奈枝,奈々枝,奈奈重,奈々重,奈那衣,奈那恵,奈那江,奈苗,奈名恵,奈名江,那奈英,那奈恵,那々恵,那々枝,那苗,名菜枝,名奈恵,名苗
ななお,nanao,菜々生,七緒,七生,奈々央,奈々緒
ななこ,nanako,杏々子,夏々子,夏菜子,菜菜子,菜々子,菜七子,菜奈子,菜那子,菜南子,菜名子,七彩子,七菜子,七子,七々子,七奈子,七那子,七虹,七名子,七夕子,樹々子,成々子,奈菜子,奈七子,奈渚子,奈奈子,奈々子,奈那子,奈南子,奈名子,那菜子,那奈子,那那子,那々子,那和子,南向子,南奈子,南那子,南々子,楠々子,名菜子,名奈子,名那子,名々子,梨奈子,梨々子
ななほ,nanaho,菜菜穂,菜々穂,七保,七歩,七穂,奈々帆,奈々穂,奈那保,南々帆
なほこ,nahoko,稲穂子,夏帆子,夏穂子,公子,菜帆子,菜保子,菜歩子,菜甫子,菜穂子,菜峰子,菜朋子,七帆子,七保子,七穂子,七宝子,修子,尚子,尚保子,多保子,直帆子,直保子,直歩子,直穂子,奈浦子,奈秀子,奈帆子,奈夫子,奈布子,奈保子,奈歩子,奈輔子,奈穂子,奈峰子,奈朋子,奈芳子,奈萌子,奈邦子,奈穗子,那帆子,那保子,那穂子,内保子,南帆子,南穂子,波帆子,苗穂子,名帆子,名保子,名穂子,名朋子,和帆子
なほみ,nahomi,菜保美,菜穂美,尚美,直美,直保美,奈帆美,奈扶美,奈保見,奈保実,奈保真,奈保美,奈保巳,奈甫美,奈穂実,奈穂美,奈朋美,奈誉美,那保実,那穂美,苗穂美,名帆美,名保実,名保美,名穂美,名穂巳
なみ,nami,夏美,菜海,菜実,菜笑,菜水,菜生,菜美,菜味,菜未,菜巳,菜弥,菜嶺,七海,七実,七美,奈海,奈己,奈三,奈実,奈水,奈生,奈美,奈満,奈未,奈巳,奈弥,那海,那実,那美,那弥,南海,南実,南美,乃美,名美
なみこ,namiko,夏海子,夏仁子,菜海子,菜見子,菜実子,菜美子,菜未子,菜弥子,七海子,七実子,七美子,樹美子,成美子,直美子,奈海子,奈見子,奈己子,奈光子,奈三子,奈実子,奈充子,奈身子,奈水子,奈瑞子,奈聖子,奈扇子,奈美香,奈美子,奈峰子,奈満子,奈未子,奈巳子,奈稔子,奈弥子,奈路子,那三子,那実子,那美子,那未子,那巳子,内美子,南海子,南見子,南三子,南波子,南美子,楠実子,乃美子,波子,波美子,苗美子,並子,凡子,名実子,名美子,名未子,浪子
にいな,nina,似維菜,似奈,新依奈,新菜,新奈,仁以奈,仁伊奈,仁衣菜,仁衣奈,仁衣那,仁菜,仁奈,仁姫奈,二伊奈,二衣奈,二奈
ねね,nene,音音,音々,音寧,寧音,寧寧,寧々
のぞみ,nozomi,希,希海,希己,希実,希星,希生,希聖,希泉,希美,希望,希望美,希魅,希弥,幾美,稀未,乃美,望,望海,望希,望己,望三,望実,望心,望深,望水,望瑞,望美,望峰,望未,望巳,望妙,望弥,望里,野草美,野添見,野添美
のぶえ,nobue,允恵,永恵,円亜,延衣,延絵,延恵,延江,延枝,延重,延惠,演恵,緩恵,喜得,宜江,薫恵,薫江,薫枝,啓恵,啓江,更恵,史江,寿枝,修絵,修枝,充恵,順恵,順江,順惠,常江,伸愛,伸依,伸衣,伸栄,伸英,伸衛,伸詠,伸絵,伸恵,伸江,伸枝,伸重,伸苗,信衣,信栄,信衛,信会,信絵,信恵,信江,信枝,信惠,申恵,紳江,宣依,宣映,宣恵,宣江,宣支,宣枝,総枝,暢栄,暢恵,暢江,展絵,展恵,展江,展枝,登恵,敦江,乃布江,乃布枝,乃扶恵,乃歩恵,布愛,布恵,布江,裕恵,庸恵,庸江,揚恵,葉枝,亘江,頌宴,頌恵
のぶこ,nobuko,育子,允子,永子,円子,延戸,延子,演克,演子,寛子,幹男,緩子,喜子,希子,宜子,喬子,薫子,献子,恒子,晃子,史子,寿子,周子,修子,充子,述子,準夫子,順子,叙子,序子,昇子,松本,伸子,信子,晋子,申子,進子,仁子,正子,誠子,説子,宣子,惣子,総子,誕子,暢子,通子,展子,度子,敦子,乃生子,乃笛子,乃婦子,乃布子,乃扶子,乃芙子,乃武子,能子,能生子,能夫子,能婦子,能冨子,能扶子,頒子,布子,文子,房子,睦子,野芙子,野歩子,靖子,裕子,庸子,葉子,律子,倫子,亘子,敍子,昶子
のりこ,noriko,愛子,以子,位子,維子,永子,悦子,温子,賀子,雅子,格子,学子,寛子,鑑子,閑子,基子,希子,幾子,祈子,季子,紀好,紀香,紀子,紀利子,紀吏子,紀理子,紀里子,規子,規吏子,規理子,規倫子,記子,貴子,軌子,儀子,宜子,宜利子,義子,恭子,教子,勤子,謹子,矩子,勲子,訓子,啓子,慶子,敬子,経子,芸子,健子,憲香,憲子,権子,研子,謙子,玄子,言子,悟子,功子,孝子,巧子,幸子,康子,恒子,江上,考子,載依子,載子,司子,史子,士子,師子,至子,視子,詞子,賜子,式子,識子,周子,宗子,修子,祝子,准子,準子,純子,順子,書子,昇子,昭子,称子,章子,詔子,乗子,譲子,伸子,慎子,仁子,尋子,澄子,成子,聖子,誓子,仙子,宣子,宣吏子,扇子,善子,然子,聡子,則子,尊子,代子,知子,智子,稚子,朝子,勅子,程子,哲子,典維子,典子,典利子,典里子,展子,展梨子,登子,登利子,度子,統子,道子,得子,徳子,徳里子,敦子,任子,乃子,乃利子,乃吏子,乃梨子,乃理子,乃里子,乃律子,乃倫子,乃麗子,乃綸子,乃莉子,之吏子,之里子,濃利子,濃梨子,納子,納梨子,納理子,納里子,能子,能利子,能理子,能里子,能律子,農里子,伯子,発子,範子,範利子,範理子,妃子,弼子,福子,文子,陛子,奉子,方子,法子,法理子,望梨子,稔子,命子,明子,模子,茂木,野利子,野梨子,野理子,野里子,野倫子,野林子,由理子,裕子,誉子,庸子,頼里子,理子,理則子,律子,了子,緑子,倫紀子,倫子,令子,礼子,路子,論子,乘子,愼子,煕子,譽子,讓子
はつね,hatsune,初音
はなこ,hanako,羽奈子,羽那子,英子,花菜子,花子,華子,華奈子,春華子,春菜子,春奈子,初菜子,青華子,早那子,巴菜子,巴名子,波奈子,琶奈子,博那子,芳子,葉菜子,葉奈子,葉楠子,葉名子
はるか,haruka,羽留香,羽瑠香,栄佳,栄香,永遠,永佳,永加,永花,永賀,永馨,永久,永香,温佳,温加,温華,温香,温日,花佳,花香,花哉,花芳,華佳,華加,華嘉,華夏,華果,華香,華日,華瑠佳,啓加,啓香,元香,玄香,桜香,始花,時香,治佳,治加,治夏,治花,治華,治季,治香,春愛,春佳,春加,春可,春嘉,春夏,春果,春架,春歌,春河,春花,春華,春海,春樺,春薫,春圭,春香,春風,春和,春翔,榛夏,榛華,榛香,晴佳,晴加,晴可,晴夏,晴果,晴架,晴歌,晴花,晴華,晴賀,晴雅,晴海,晴馨,晴香,晴瑠佳,青佳,青加,青霞,青空,青香,相郁,大佳,大空,暖佳,暖加,暖華,暖香,知郁,知佳,知加,知花,知華,知雅,知香,東佳,東加,東香,日香,巴瑠佳,巴瑠加,巴瑠香,把留花,波留加,波留香,波瑠佳,波瑠加,波瑠香,白瑠歌,鳩留香,美佳,美夏,美歌,美花,美華,美馨,美香,美日,美蘭,萌加,明佳,明加,明夏,明花,明華,明香,明芳,弥生香,悠,悠音,悠佳,悠加,悠夏,悠歌,悠花,悠華,悠桂,悠香,悠楓,揺香,葉留佳,葉留加,葉留果,葉留香,葉瑠佳,葉瑠花,葉瑠香,遥,遥佳,遥加,遥可,遥夏,遥果,遥歌,遥河,遥花,遥華,遥霞,遥月,遥香,遥日,遥風,陽佳,陽加,陽夏,陽花,陽華,陽香,陽咲,陽日,陽楓,立佳,立夏,良佳,遼,遼加,遼可,遼果,遼香,令佳,令花,浪呼,搖,暎佳,瑶,瑶花,瑶香,遙,遙香,瑤
はるの,haruno,温乃,治乃,春乃,晴乃,晴野,東乃,波留乃,波瑠乃,悠乃,遥乃
はるみ,harumi,栄美,英美,温美,華美,啓美,元美,玄美,浩美,治実,治美,治未,治巳,春海,春弓,春己,春三,春実,春水,春生,春泉,春美,春望,春魅,春巳,春瑠美,昭美,晴海,晴弓,晴見,晴己,晴三,晴実,晴深,晴瑞,晴天,晴美,晴峰,晴望,晴未,晴巳,晴留美,青海,青己,青美,青巳,早春実,泰美,暖弓,暖実,暖水,暖生,暖美,知己,知美,東美,波留美,芭瑠深,美海,美美,美味,美洋,明見,明水,明美,悠水,悠未,洋美,葉留美,葉瑠美,陽己,陽視,陽実,陽美,陽巳,麗海
はんな,hanna,帆奈,範奈,絆南
ひかり,hikari,光加里,光莉,灯加里,日佳理,日佳里,日加利,日加理,日加里,日可里,日果里,日花里,日香利,日香梨,日香理,日香里,妃佳理,妃加璃,妃加里,妃華利,妃華理,妃雅利,妃香吏,妃香理,妃香里,彼香里,比佳理,比佳里,比加利,比加里,比歌里,比香李,比香理,比香里,比香莉,飛華吏,曜里,陽加里,陽花梨,陽香梨,陽香理,陽香里
ひさえ,hisae,永恵,永江,永枝,永惠,央会,央絵,央恵,央江,央枝,久愛,久依,久栄,久永,久瑛,久英,久衛,久絵,久恵,久慧,久江,久枝,久重,久笑,久世,久惠,久榮,恭栄,桐江,桐枝,九恵,契江,向恵,恒江,史江,寿愛,寿衣,寿栄,寿瑛,寿英,寿会,寿絵,寿恵,寿江,寿枝,寿重,寿生,寿苗,尚依,尚栄,尚絵,尚技,尚恵,尚江,尚枝,尚重,尚惠,祥恵,仁栄,仙恵,日佐恵,日佐江,妃佐恵,妃佐枝,妃沙江,妃小江,妃早恵,比恵,比佐栄,比佐詠,比佐恵,比佐江,比佐枝,比左江,比査恵,比沙恵,比砂恵,比咲恵,比紗衣,比小枝,緋沙恵,緋紗絵,飛佐枝,弥恵,悠依,悠江,陽英,壽英,壽恵,壽江,壽重,竚江
ひさこ,hisako,一三子,一紗子,永子,央左子,央子,学子,喜子,貴子,久佐子,久左子,久咲子,久子,久枝子,久世子,久里子,恭子,桐子,九子,玖子,向子,恒沙子,恒子,紘沙子,史子,寿佐子,寿左子,寿子,修子,尚佐子,尚子,昌子,仁幸子,仙子,長子,日幸子,日佐子,日査子,日沙子,日砂子,日咲子,日早子,否左子,妃更子,妃佐子,妃沙子,妃砂子,妃才子,妃三子,妃紗子,妃早子,彼佐子,披佐子,比佐子,比左子,比査子,比沙子,比砂子,比彩子,比咲子,比紗子,比少子,比抄子,比早子,比妙子,緋沙子,緋紗子,肥左子,琵左子,美佐子,富子,方子,弥子,裕紗子,陽佐子,陽左子,陽彩子,陽紗子,壽子,敞子
ひでみ,hidemi,愛美,栄美,瑛美,英海,英己,英三,英史,英実,英美,英未,英魅,英實,英已,季実,季美,季巳,秀海,秀見,秀己,秀三,秀実,秀珠,秀深,秀水,秀美,秀碧,秀穂,秀味,秀未,秀巳,秀弥,淑美,日出海,日出実,日出美,妃美,暎美
ひとみ,hitomi,愛美,一愛,一見,一三,一視,一実,一十三,一心,一水,一登美,一瞳,一美,一未,一妙,一弥,一良,一實,壱美,英史美,寛規,寛泉,干登美,久時美,久登美,久富美,均朱,均美,玖友海,公美,史益,史規,史見,史実,史美,史味,史未,史民,史弥,旬美,人己,人実,人水,人美,人巳,人實,仁海,仁規,仁弓,仁己,仁三,仁視,仁実,仁珠,仁水,仁泉,仁登美,仁美,仁望,仁未,仁已,斉美,斉巳,単美,灯登美,瞳,瞳后,瞳実,瞳美,瞳未,日止美,日斗美,日登見,日登実,日登美,日都美,日土美,日透美,任美,妃時美,妃十美,妃人美,妃澄美,妃斗美,妃斗弥,妃登美,妃登未,妃都美,妃都弥,妃桃美,妃美,妃富美,妃利巳,妃和美,比仁美,比斗美,比登実,比登美,比都美,比美,比敏美,比富美,緋登美,姫十美,姫登美,姫都美,陽登美,陽都美,陽美,倫美,玲美,眸,眸水
ひなこ,hinako,火奈子,雛子,日向子,日菜子,日成子,日奈子,日那子,日南子,日波子,日名子,妃菜子,妃奈子,妃那子,妃名子,批名子,斐那子,比菜子,比奈子,比苗子,比名子,比和子,緋奈子,緋那子,姫奈子,陽向子,陽菜香,陽菜子,陽奈子,陽名子,陽和子,鄙子
ひなつ,hinatsu,日夏,飛夏
ひびき,hibiki,響
ひみか,himika,日実香,日美佳,日美華,日美香,妃美花,妃美華,妃美香,姫美香
ひろえ,hiroe,宇玲,央衣,央恵,央江,嘉江,嘉枝,拡恵,郭江,寛依,寛衣,寛映,寛栄,寛永,寛衛,寛絵,寛恵,寛江,寛枝,巨絵,京恵,啓愛,啓衣,啓栄,啓永,啓瑛,啓絵,啓恵,啓江,啓枝,敬栄,敬絵,敬江,敬枝,景映,光恵,光江,公栄,公恵,宏愛,宏依,宏衣,宏映,宏栄,宏英,宏円,宏会,宏絵,宏恵,宏江,宏枝,宏惠,広栄,広絵,広恵,広江,広枝,弘愛,弘依,弘衣,弘栄,弘永,弘英,弘会,弘絵,弘恵,弘江,弘枝,弘重,弘惠,洪江,浩衣,浩栄,浩永,浩英,浩園,浩絵,浩恵,浩江,浩枝,浩生,浩惠,紘衣,紘会,紘恵,紘江,紘枝,紘萌,祥恵,祥江,丈枝,仁栄,仁恵,尋絵,尋恵,尋惠,千瑛,測恵,太栄,泰栄,泰永,泰江,泰重,大恵,大惠,拓恵,拓江,展枝,日絵,博愛,博衣,博栄,博瑛,博絵,博恵,博慧,博江,博枝,博惠,妃呂恵,妃路恵,比呂絵,比呂恵,比路枝,普佳,普恵,普枝,法恵,凡恵,弥栄,優恵,祐会,祐恵,祐江,裕愛,裕衣,裕映,裕栄,裕永,裕英,裕絵,裕恵,裕江,裕枝,裕重,裕惠,裕綸映,容恵,容江,容枝,洋依,洋衣,洋栄,洋永,洋英,洋衛,洋絵,洋恵,洋江,洋枝,洋乃,洋惠,良江,良枝,玲枝,礼恵,礼江,廣恵,廣江,廣枝,廣惠,昊江,絋衣,絋恵
ひろこ,hiroko,一路子,央子,欧子,嘉子,廓子,拡子,郭子,完子,寛己,寛子,簡子,緩子,啓子,敬子,景子,湖子,公子,厚子,向子,宏子,宏呂子,宏朗子,広子,弘子,浩子,紘子,香子,鴻子,史子,寿子,周子,宗子,衆子,潤子,尚呂子,祥子,丈子,仁子,尋子,碩子,先子,宣子,測子,泰子,代子,大子,拓子,誕子,宙子,暢子,展子,都子,日呂子,日路子,伯子,博江,博子,白子,白木,八子,汎子,範子,妃子,妃良子,妃呂子,妃路子,妃露子,比侶子,比呂子,比路子,緋呂子,飛路子,枇呂子,普子,望子,凡子,明子,弥子,優子,由子,祐子,裕子,容子,洋子,陽子,陽呂子,陽路子,翼子,礼子,亞子,壽子,廣子,洽子,洸子,滉子,澣子,煕子,皓子
ひろみ,hiromi,宇美,栄美,永美,演美,央美,温美,嘉美,拡美,郭美,寛美,緩美,貴美,京美,啓美,恵美,敬美,景美,湖美,光美,公美,厚美,宏海,宏水,宏美,広美,弘美,浩美,紘海,紘美,史美,潤美,尚美,祥美,仁美,尋美,奏美,泰美,拓美,宙美,博美,比呂美,緋呂美,裕美,洋美,陽美,玲美
ふうか,fuka,芙佳,楓佳,楓果,楓花,楓華,楓薫,楓香,風佳,風歌,風花,風華,風薫,風香,遥香,颯花
ふうこ,fuko,富有子,布有子,芙生子,芙歩子,芙有子,楓映子,楓子,風子,鳳子
ふみえ,fumie,郁栄,郁絵,郁恵,郁慧,郁江,郁枝,郁重,郁美恵,郁美江,郁惠,史愛,史依,史衣,史栄,史瑛,史英,史衛,史詠,史絵,史恵,史江,史枝,史笑,史惠,章衣,章会,章絵,章恵,章江,章枝,章惠,典栄,典絵,典恵,典江,典枝,冬美恵,二三絵,二三恵,二三江,二三枝,二美恵,二美江,二美枝,二弥恵,不三江,夫美恵,夫美江,婦美絵,婦美恵,婦美江,婦美枝,富海恵,富見恵,富見江,富三枝,富実江,富充恵,富水枝,富美栄,富美瑛,富美英,富美絵,富美恵,富美江,富美枝,富美重,富美惠,富巳江,冨美恵,冨美江,冨美枝,冨美惠,布三恵,布三江,布美絵,布美恵,布美江,布美枝,扶実江,扶美栄,扶美絵,扶美恵,扶美江,扶美枝,扶美榮,扶未恵,芙三恵,芙実枝,芙美恵,芙美江,芙美枝,芙未恵,文愛,文依,文衣,文映,文栄,文永,文英,文絵,文恵,文慧,文江,文三枝,文枝,文重,文静,文美栄,文美絵,文美恵,文美江,文美枝,文美惠,文未栄,文巳枝
ふみか,fumika,郁佳,郁加,郁歌,郁圭,郁香,加美香,簡加,冊加,史佳,史加,史夏,史果,史歌,史花,史華,史雅,史馨,史香,史楓,史和,典佳,典加,典可,典花,典香,冬美香,二三佳,二三花,二三薫,二三香,二美加,二美歌,二美馨,二美香,富美嘉,富美香,布生加,布美花,布美香,扶三加,扶美佳,扶美香,扶味香,芙三加,芙実佳,芙実加,芙実花,芙実香,芙美佳,芙美加,芙美歌,芙美花,芙美香,芙未香,芙弥佳,芙弥果,風実花,文伽,文佳,文加,文嘉,文夏,文果,文歌,文花,文華,文香,文珠香,文美加,文未香,良佳,良香,册加
ほたる,hotaru,蛍
ほのか,honoka,愛香,帆夏,帆香,帆乃佳,帆乃加,帆乃夏,帆乃花,帆乃香,歩乃香,穂夏,穂花,穂香,穂乃伽,穂乃佳,穂乃花,穂乃香
ほまれ,homare,希穂,帆希,穂希
まあさ,masa,希麻,真亜佐,真亜沙,真安沙,真朝,真麻,摩麻,麻亜沙,麻亜紗,麻沙,麻紗,茉麻
まあや,maya,真亜弥,真阿弥,真綾,真彩,真紋,摩絢,摩彩,麻亜耶,麻亜弥,麻綾,麻彩,麻耶
まい,mai,真愛,真依,真惟,真維,真衣,真生,舞,舞依,舞惟,舞衣,摩依,摩衣,磨依,磨衣,麻衣,繭衣,万伊,万依,万衣,眞維,眞衣,眞生,茉依,茉惟,茉衣,茉緋
まいか,maika,真衣香,舞佳,舞加,舞夏,舞果,舞歌,舞花,舞華,舞桂,舞香,舞翔,麻伊加,麻依加,麻衣佳,麻衣可,麻衣華,麻衣香,昧歌
まいこ,maiko,希衣子,真愛子,真以子,真伊子,真依子,真惟子,真維子,真衣子,真生子,真唯子,舞以子,舞伊子,舞位子,舞依子,舞維子,舞衣子,舞湖,舞子,舞姫子,摩依子,摩衣子,磨依子,麻依子,麻衣子,麻已子,万依子,万衣子,茉依子,茉衣子
まお,mao,真央,真音,真桜,真緒,真生,真帆,真保,真穂,真麻,舞央,舞桜,舞緒,摩緒,麻央,麻桜,麻緒,麻帆,万緒,眞央,眞緒,眞生,眞帆,眞麻,茉央,茉緒,茉生
まき,maki,希季,蒔,真希,真稀,真紀,舞紀,舞姫,摩希,摩季,摩紀,摩姫,磨希,磨季,磨紀,磨姫,麻希,麻季,麻紀,麻妃,麻姫,万稀,万紀,茉希,茉季,茉紀,茉姫
まきこ,makiko,雅季子,雅紀子,雅貴子,雅妃子,巻子,蒔子,昌希子,昌紀子,昌樹子,真葵子,真喜子,真嬉子,真岐子,真希子,真稀子,真紀子,真規子,真記子,真貴子,真起子,真公子,真樹子,真城子,真生子,真妃子,真姫子,真巳子,薪子,正喜子,正希子,正季子,舞希子,舞季子,舞貴子,牧子,摩衣子,摩喜子,摩岐子,摩希子,摩季子,摩紀子,摩貴子,摩樹子,摩妃子,磨幹子,磨岐子,磨希子,磨紀子,磨貴子,磨樹子,麻喜子,麻基子,麻岐子,麻希子,麻季子,麻紀子,麻規子,麻貴子,麻起子,麻輝子,麻己子,麻樹子,麻城子,麻生子,麻妃子,麻姫子,槙希子,槙子,末季子,末紀子,末起子,万喜子,万基子,万岐子,万希子,万幾子,万季子,万紀子,万規子,万記子,万貴子,万起子,万輝子,万樹子,万城子,万姫子,満喜子,満希子,満季子,満紀子,満規子,満記子,満貴子,満起子,孟希子,滿希子,眞喜子,眞基子,眞希子,眞季子,眞紀子,眞規子,眞記子,眞貴子,眞起子,眞欣子,眞己子,眞公子,眞樹子,茉希子,茉紀子,茉記子,茉貴子,茉芸子,茉樹子
まさこ,masako,維子,允子,温子,賀子,雅子,匡佐子,匡子,均子,薫子,敬子,憲子,絹子,賢子,公子,済子,裁子,守佐子,順子,勝子,匠子,唱子,将子,昌佐子,昌左子,昌子,昭子,晶子,祥子,証子,詔子,慎子,晋子,真幸子,真佐子,真左子,真沙子,真瑳子,真砂子,真彩子,真咲子,真三子,真子,真紗子,真抄子,真粧子,仁子,征子,成子,政子,正佐子,正子,聖子,誠子,斉子,全子,稚子,暢子,直佐子,直子,天子,董子,督子,美佐子,米佐子,方子,摩佐子,磨砂子,麻佐子,麻左子,麻沙子,麻砂子,麻彩子,麻紗子,麻少子,麻早子,柾子,柾早子,万佐子,万左子,万砂子,万咲子,万紗子,満佐子,優子,祐子,容子,理子,和雅子,和子,亞子,將子,應子,當子,眞佐子,眞左子,眞沙子,眞砂子,眞子,眞紗子,眞祥子,眞莎子,茉紗子,萬佐子
まさみ,masami,雅海,雅佐美,雅水,雅美,緩美,匡美,薫実,薫美,賢美,公美,済美,滋美,実美,修美,純美,順美,勝美,唱美,将美,尚美,昌佐美,昌沙美,昌水,昌美,晶美,真海,真己,真佐美,真左美,真沙実,真沙美,真砂美,真彩美,真咲美,真三美,真紗美,真抄美,真早美,真妙美,真弥,征美,成美,政美,正美,聖美,誠実,誠美,斉美,全美,多美,舞沙美,舞彩美,方美,摩沙美,摩砂美,磨瑳美,麻佐美,麻左美,麻沙美,麻砂美,麻紗美,麻紗望,麻紗巳,麻早美,麻里美,妹佐美,柾美,万佐美,万左美,万沙美,万咲美,万紗三,満佐美,満粧美,綿美,優海,優美,理美,將美,眞佐美,眞左美,眞沙美,眞砂美,眞粧美,眞生,眞早美,眞美,茉沙美,茉早美
ますみ,masumi,益美,加美,加弥,賀美,圭美,珠美,寿美,潤美,純美,勝美,升美,尚美,晶美,真好美,真守美,真珠美,真寿美,真州美,真住美,真純,真純美,真須実,真須美,真澄,真澄美,真透美,増美,多美,摩寿美,摩周美,摩純,摩澄,磨寿美,磨純,磨須美,磨澄,麻寿美,麻須美,万寿美,万純,万須美,万澄,満寿美,弥美,優美,眞純,眞須美,眞澄,眞澄美,茉寿美,茉澄,萬寿美,萬壽美
まちこ,machiko,雅千子,雅知子,街子,真知子,真智子,真稚子,正智江,正智子,町子,摩千子,摩知子,摩智子,磨知子,磨智子,磨稚子,麻千子,麻知子,麻智子,麻稚子,麻致子,槙知子,麿知子,万千子,万知子,万智子,満子,満千子,満知子,満地子,満智子,眞千子,眞知子,眞智子,眞稚子,茉千子,茉智子
まどか,madoka,愛,愛香,円,円佳,円加,円嘉,円夏,円果,円架,円花,円華
まひろ,mahiro,茉祐
まほ,maho,希帆,真帆,真保,真歩,真穂,真穗,舞帆,舞保,舞歩,摩保,磨帆,磨歩,磨穂,魔穂,麻帆,麻歩,麻甫,麻穂,万帆,万保,万歩,万穂,万穗,満帆,満歩,満穂,眞帆,眞保,眞歩,眞穂,茉帆,茉保,茉甫,茉穂,茉萌
みう,miu,実羽,美羽,美雨,美卯,美海
みえ,mie,三枝,三重,美愛,美衣,美映,美栄,美永,美瑛,美英,美詠,美絵,美恵,美江,美枝,美笑,美惠,望愛,望恵,望江,未衣,未映,未栄,未瑛,未英,未絵,未恵,未江,未枝,未笑,未惠,巳絵,巳恵,妙栄,妙恵,弥恵,弥江,弥枝
みえこ,mieko,見栄子,見恵子,見江子,見枝子,己恵子,御恵子,光衣子,光映子,光栄子,光江子,光枝子,三衣子,三映子,三栄子,三永子,三英子,三詠子,三絵子,三恵子,三慧子,三江子,三枝子,三重子,三乃子,三惠子,実映子,実永子,実英子,実絵子,実恵子,実江子,実枝子,実重子,身依子,身衣子,身江子,水映子,水枝子,美愛子,美依子,美衣子,美映子,美栄子,美永子,美瑛子,美英子,美詠子,美画子,美会子,美絵子,美恵呼,美恵子,美慧子,美江子,美枝子,美重子,美笑子,美惠子,巳恵子,巳江子,巳惠子,弥永子,弥恵子,弥江子
みお,mio,希緒,三緒,三生,実央,実桜,水緒,美緒,美織,未央,未緒,未織,澪
みか,mika,三佳,三嘉,三夏,三果,三歌,三花,三華,三香,実加,実花,水夏,美伽,美佳,美加,美嘉,美夏,美歌,美花,美華,美香,未佳,未果,未華
みかこ,mikako,見佳子,三佳子,三夏子,三歌子,三花子,三華子,三香子,実夏子,実果子,実歌子,実花子,美佳子,美嘉子,美夏子,美果子,美歌子,美花子,美華子,美香子
みき,miki,三希,三季,三稀,三紀,実岐,実希,実季,実樹,実姫,美希,美稀,美紀,美埼,美樹,美妃,美姫,未稀
みきこ,mikiko,幹子,己紀子,光希子,光季子,三喜子,三樹子,三生子,実希子,実季子,実貴子,実樹子,実妃子,美喜子,美希子,美季子,美紀子,美樹子,美妃子,美姫子,未希子,未季子,未輝子,未来子,未來子
みさき,misaki,三咲,三咲紀,実沙季,実沙樹,実咲,美沙祈,美沙季,美沙稀,美沙紀,美沙記,美沙輝,美沙樹,美沙妃,美沙姫,美砂希,美砂紀,美彩紀,美彩樹,美冴紀,美咲,美紗希,美紗季,美紗稀,美紗紀,美紗貴,美紗樹,美紗姫,未沙樹,未紗希,未紗季,未紗稀,未紗樹
みさと,misato,美慧,美砂登,美聡,美里
みなみ,minami,三奈美,南,南美,美南,美南海
むつみ,mutsumi,睦美,夢津美,陸奥美
めぐ,megu,芽久
めぐみ,megumi,恵
もえ,moe,萌,萌依
もえみ,moemi,萌美
もか,moka,萌花,萌香
ももえ,momoe,桃恵,桃江,桃枝,百恵,百江,百枝,萌々恵
ももこ,momoko,桃子
やすえ,yasue,安映,安恵,安江,安枝,安重,安笑,康絵,康恵,康江,康枝,泰恵,泰江,泰枝,保恵,保江,保枝,靖愛,靖栄,靖絵,靖恵,靖江,靖枝,悠恵,悠江,庸絵,庸恵,庸江
やすこ,yasuko,安子,康子,泰子,八州子,八洲子,耶須子,弥寿子,弥寸子,矢珠子,靖子
やよい,yayoi,弥生
ゆい,yui,惟衣,維衣,結以,結依,結惟,結衣,夢衣,唯,唯以,唯伊,唯依,唯衣,唯似,佑依,佑威,佑惟,佑衣,佑唯,優以,優伊,優依,優惟,優維,優衣,優郁,優似,優生,優唯,友以,友依,友惟,友維,友衣,友郁,友唯,悠以,悠依,悠惟,悠衣,憂衣,有以,有依,有衣,有彩,有似,有唯,有里,由依,由偉,由委,由惟,由維,由衣,祐以,祐依,祐衣,祐里,裕以,裕伊,裕依,裕惟,裕衣
ゆいか,yuika,結衣香,結佳,結加,唯佳,唯加,唯嘉,唯夏,唯歌,唯花,唯華,唯香,優依華,友以佳,由依加,由衣加,由衣香,由比佳,侑依香
ゆうか,yuka,佑夏,佑果,佑華,佑桂,佑香,優伽,優佳,優加,優夏,優果,優歌,優花,優華,優香,友佳,友加,友嘉,友夏,友果,友歌,友花,友華,友香,悠佳,悠加,悠可,悠夏,悠花,悠華,悠香,憂香,有佳,有夏,有歌,有花,有華,有桂,有香,柚香,由卯花,由布佳,由布加,由布香,祐佳,祐加,祐可,祐夏,祐歌,祐花,祐華,祐賀,祐香,祐有香,裕香,遊香,侑加,侑花,侑香
ゆうき,yuki,佑季,悠紀,夕紀
ゆうこ,yuko,結子,佑子,優湖,優子,勇子,友子,悠子,悠生子,憂子,憂佑子,有羽子,有子,有生子,由右子,由有子,由侑子,祐子,裕子,夕羽子,夕子,侑子,侑生子
ゆか,yuka,結佳,結加,結夏,結果,結花,結華,唯佳,唯加,唯歌,唯花,唯華,唯香,佑佳,佑加,佑嘉,佑夏,佑果,佑架,佑歌,佑花,佑華,佑香,優佳,優加,優嘉,優夏,優歌,優花,優香,友伽,友佳,友加,友可,友夏,友果,友架,友歌,友花,友華,友香,悠佳,悠加,悠嘉,悠夏,悠果,悠歌,悠花,悠華,悠香,悠楓,悠梨,悠崋,憂佳,憂夏,憂華,憂香,有伽,有佳,有加,有嘉,有夏,有果,有架,有花,有華,有香,柚伽,柚佳,柚花,柚香,由郁,由佳,由加,由嘉,由夏,由果,由架,由歌,由花,由華,由霞,由香,祐佳,祐加,祐可,祐嘉,祐夏,祐果,祐歌,祐花,祐華,祐圭,祐香,裕佳,裕加,裕嘉,裕花,裕香,夕霞,侑伽,侑佳,侑加,侑夏,侑果,侑花,侑華,侑香
ようこ,youko,躍子,容子,庸子,曜子,洋子,溶子,用子,羊子,耀子,葉子,要子,謡子,陽子,燿子,瑶子
よしえ,yoshie,愛絵,佳依,佳衣,佳会,佳絵,佳恵,佳慧,佳江,佳枝,佳重,佳代,嘉絵,嘉恵,嘉江,嘉枝,喜衣,喜絵,喜恵,喜江,喜枝,喜重,義絵,義恵,義江,吉絵,吉恵,吉江,吉枝,啓恵,啓江,圭絵,圭恵,圭江,慶恵,慶江,慶枝,好衣,好衛,好絵,好恵,好江,好枝,好重,淑絵,淑恵,淑江,淑枝,祥絵,祥恵,祥枝,祥重,善絵,善恵,善江,善枝,芳恵,芳江,芳枝,良衣,良絵,良恵,良江,良枝
よしこ,yoshiko,佳子,嘉子,喜子,義子,吉子,淑子,祥子,善子,美子,芳子,予至子,余史子,与志子,良子
りあん,rian,梨杏,莉杏
りえ,rie,利愛,利絵,利恵,利江,利枝,利重,利笑,吏絵,吏恵,吏江,吏彗,吏惠,李絵,李恵,李江,李枝,梨会,梨絵,梨恵,梨慧,梨江,梨枝,理会,理絵,理恵,理慧,理江,理枝,理重,理笑,里絵,里恵,里江,里枝,里重,莉会,莉絵,莉恵,莉慧,莉江
りえこ,rieko,利絵子,利恵子,利江子,利枝子,利重子,李絵子,李江子,梨依子,梨衣子,梨映子,梨栄子,梨英子,梨詠子,梨絵子,梨恵子,梨江子,梨枝子,梨笑子,理愛子,理依子,理衣子,理映子,理栄子,理永子,理泳子,理英子,理詠子,理絵子,理恵子,理江子,理枝子,理重子,理惠子,里依子,里衣子,里映子,里栄子,里永子,里泳子,里瑛子,里英子,里絵子,里恵子,里江子,里枝子,律絵子,律恵子,莉依子,莉映子,莉絵子,莉恵子,莉枝子
りお,rio,利緒,李緒,梨央,梨緒,理緒,璃桜,璃緒,里緒,莉央,莉緒
りか,rika,利佳,利加,利嘉,利夏,利果,利花,利華,利香,李佳,李加,李華,梨佳,梨嘉,梨夏,梨歌,梨花,梨香,梨克,理佳,理嘉,理夏,理果,理歌,理花,理華,理香,璃歌,里佳,里加,里嘉,里夏,里果,里架,里歌,里花,里華,里香,律香,莉佳,莉加,莉果,莉歌,莉花,莉華,莉香,凜香
りかこ,rikako,杏佳子,利伽子,利佳子,利加子,利可子,利嘉子,利夏子,利果子,利架子,利歌子,利花子,利華子,利香子,吏佳子,吏花子,李佳子,梨佳子,梨加子,梨夏子,梨果子,梨花子,梨華子,梨香子,理佳子,理加子,理可子,理嘉子,理夏子,理果子,理架子,理花子,理華子,理香子,里佳子,里加子,里可子,里嘉子,里夏子,里果子,里歌子,里花子,里圭子,里香子,莉佳子,莉加子,莉可子,莉花子,莉華子,莉香子
りこ,riko,李子,梨子,理子,璃子,里子,莉子
りさ,risa,利佐,利沙,利咲,利紗,吏砂,李沙,李砂,李紗,梨佐,梨沙,梨砂,梨裟,梨彩,梨紗,梨渚,理佐,理沙,理砂,理紗,理抄,璃紗,里佐,里沙,里彩,里咲,里紗,里抄,莉沙,莉彩,莉紗,莉里
りつこ,ritsuko,利津子,利都子,吏津子,梨津子,梨都子,理津子,理都子,理律子,里津子,里都子,律子,立子
りほ,riho,利穂,吏穂,李帆,梨帆,梨穂,理帆,理穂,璃穂,里帆,里保,里穂,莉帆,莉穂
るい,rui,流威,流衣,琉依,留以,留依,留衣,瑠以,瑠依,瑠偉,瑠威,瑠惟,瑠維,瑠衣,瑠似,類
るな,runa,瑠奈
れいか,reika,令佳,令果,令花,令華,令香,伶佳,伶夏,伶花,伶圭,伶香,嶺花,嶺華,嶺香,怜夏,怜果,怜花,怜華,怜香,玲衣香,玲伽,玲佳,玲加,玲嘉,玲夏,玲果,玲架,玲歌,玲花,玲華,玲香,礼佳,礼加,礼夏,礼果,礼花,礼華,礼香,零華,麗佳,麗加,麗可,麗嘉,麗夏,麗果,麗歌,麗花,麗華,麗香,麗鹿,澪伽,澪佳,澪夏
れいこ,reiko,令以子,令依子,令委子,令意子,令維子,令郁子,令英子,令子,伶衣子,伶子,嶺子,怜湖,怜子,玲以子,玲伊子,玲偉子,玲惟子,玲衣子,玲英子,玲恵子,玲子,礼以子,礼位子,礼依子,礼緯子,礼衣子,礼己子,礼子,零子,麗依子,麗子,黎子
れいら,reira,鈴良,麗羅
れおな,reona,領緒奈,怜央奈,怜緒奈,玲於奈,玲央奈,玲欧奈,玲桜奈,玲緒菜,玲緒奈,玲緒那,玲雄奈,礼央那,礼緒奈,鈴央菜,麗王奈,麗緒奈,澪央奈
れな,rena,令菜,令奈,令那,伶菜,伶奈,冷奈,怜菜,怜奈,怜那,玲央,玲菜,玲奈,玲那,玲名,礼菜,礼奈,礼那,礼名,麗菜,麗奈,麗那,麗名,恋奈,練奈,莉奈
わかこ,wakako,羽香子,環香子,若薫子,若子,稚佳子,輪佳子,輪加子,輪香子,倭可子,和佳子,和加子,和可子,和嘉子,和夏子,和果子,和歌子,和花子,和華子,和雅子,和圭子,和桂子,和香子
わかな,wakana,若加奈,若夏菜,若菜,若奈,若那,和佳菜,和佳奈,和佳那,和加奈,和可菜,和可奈,和嘉奈,和歌菜,和歌奈,和花菜,和花奈,和華奈,和華那,和圭菜,和圭那,和香菜,和香奈,和香那,和奏
わかば,wakaba,若葉,和歌葉,和香葉
わこ,wako,環子,輪子,倭子,和湖,和子